ID,Target,GrupoEconomico,Sexo,Idade,GrupoRisco,ValorCompraAnual,GastoMax,GastoMedio,UF,CidadeResidencia,RegiaodoPais,NumeroComprasOnline
1,0,3,homem,22,1,7250.0,517.8571428571,604.1666666667,MG,Morada Nova de Minas,Região Sudeste,54.9242424242
2,1,1,mulher,38,1,71283.0,5091.6428571429,5940.25,RN,Marcelino Vieira,Região Nordeste,312.6447368421
3,1,3,mulher,26,0,7925.0,566.0714285714,660.4166666667,PR,Agudos do Sul,Região Sul,50.8012820513
4,1,1,mulher,35,1,531.0,37.9285714286,44.25,PR,Congonhinhas,Região Sul,2.5285714286
5,0,3,homem,35,0,805.0,57.5,67.0833333333,BA,Morpará,Região Nordeste,3.8333333333
6,0,3,homem,22,0,84583.0,6041.6428571429,7048.5833333333,AL,Carneiros,Região Nordeste,640.7803030303
7,0,1,homem,54,0,51862.0,3704.4285714286,4321.8333333333,PR,Figueira,Região Sul,160.0679012346
8,0,3,homem,20,3,21075.0,1505.3571428572,1756.25,BA,Ouriçangas,Região Nordeste,175625.0
9,1,3,mulher,27,0,11133.0,795.2142857143,927.75,MG,Comercinho,Região Sudeste,68.7222222222
10,1,2,mulher,14,1,3007.0,214.7857142857,250.5833333333,MG,Japonvar,Região Sudeste,35.7976190476
11,1,3,mulher,40,1,167.0,11.9285714286,13.9166666667,RO,Chupinguaia,Região Norte,0.6958333333
12,1,1,mulher,58,0,2655.0,189.6428571429,221.25,BA,Lajedo do Tabocal,Região Nordeste,7.6293103448
13,0,3,homem,20,0,805.0,57.5,67.0833333333,PB,Riacho Dos Cavalos,Região Nordeste,6.7083333333
14,0,3,homem,39,1,31275.0,2233.9285714286,2606.25,BA,Abaíra,Região Nordeste,133.6538461538
15,0,3,mulher,14,0,78542.0,5610.1428571429,6545.1666666667,MG,Alto Jequitibá,Região Sudeste,935.0238095238
16,1,2,mulher,55,0,16.0,1.1428571429,1.3333333333,SP,Porangaba,Região Sudeste,0.0484848485
17,0,3,homem,22,4,29125.0,2080.3571428572,2427.0833333333,RS,Jóia,Região Sul,220.6439393939
18,1,2,homem,30,0,13.0,0.9285714286,1.0833333333,MG,Verdelândia,Região Sudeste,0.0722222222
19,0,3,mulher,31,1,18.0,1.2857142857,1.5,SC,Monte Castelo,Região Sul,0.0967741935
20,1,3,mulher,45,0,7225.0,516.0714285714,602.0833333333,SE,Ilha Das Flores,Região Nordeste,26.7592592593
21,0,2,homem,35,0,26.0,1.8571428571,2.1666666667,MG,São Pedro Dos Ferros,Região Sudeste,0.1238095238
22,1,2,homem,34,0,13.0,0.9285714286,1.0833333333,BA,Gongogi,Região Nordeste,0.0637254902
23,1,3,mulher,15,0,80292.0,5735.1428571429,6691.0,GO,Aragoiânia,Região Centro-Oeste,892.1333333333
24,1,1,homem,28,0,355.0,25.3571428571,29.5833333333,SE,Pirambu,Região Nordeste,2.1130952381
25,0,3,mulher,80,3,21075.0,1505.3571428572,1756.25,TO,Alvorada,Região Norte,439.0625
26,1,3,mulher,30,1,31387.0,2241.9285714286,2615.5833333333,RR,Uiramutã,Região Norte,174.3722222222
27,0,3,homem,31,0,7225.0,516.0714285714,602.0833333333,PB,Gado Bravo,Região Nordeste,38.8440860215
28,0,1,homem,45,3,263.0,18.7857142857,21.9166666667,MG,Prados,Região Sudeste,0.9740740741
29,1,3,mulher,35,0,78792.0,5628.0,6566.0,MG,Lontra,Região Sudeste,375.2
30,0,3,homem,34,0,78958.0,5639.8571428572,6579.8333333333,PI,Redenção do Gurguéia,Região Nordeste,387.0490196078
31,0,1,homem,15,0,277208.0,19800.5714285714,23100.6666666667,SP,Ouroeste,Região Sudeste,3080.0888888889
32,1,1,mulher,30,1,1465.0,104.6428571429,122.0833333333,SP,São José da Bela Vista,Região Sudeste,8.1388888889
33,1,3,mulher,31,0,775.0,55.3571428571,64.5833333333,SC,Iporã do Oeste,Região Sul,4.1666666667
34,0,2,homem,45,0,105.0,7.5,8.75,BA,Palmeiras,Região Nordeste,0.3888888889
35,0,1,homem,35,1,8217.0,586.9285714286,684.75,MG,Serra Dos Aimorés,Região Sudeste,39.1285714286
36,0,1,homem,34,1,52.0,3.7142857143,4.3333333333,GO,Bom Jardim de Goiás,Região Centro-Oeste,0.2549019608
37,1,3,homem,15,0,72292.0,5163.7142857143,6024.3333333333,RN,Pureza,Região Nordeste,803.2444444444
38,0,3,homem,21,0,805.0,57.5,67.0833333333,AL,Porto de Pedras,Região Nordeste,6.3888888889
39,0,3,mulher,18,2,18.0,1.2857142857,1.5,SC,Balneário Barra do Sul,Região Sul,0.1666666667
40,1,3,mulher,14,1,112417.0,8029.7857142857,9368.0833333333,SP,Guaraçaí,Região Sudeste,1338.2976190476
41,0,3,mulher,40,1,9475.0,676.7857142857,789.5833333333,RS,São Vicente do Sul,Região Sul,39.4791666667
42,0,2,mulher,27,1,21.0,1.5,1.75,AM,Silves,Região Norte,0.1296296296
43,0,3,homem,30,0,78958.0,5639.8571428572,6579.8333333333,MA,Cachoeira Grande,Região Nordeste,438.6555555556
44,1,2,mulher,31,1,41579.0,2969.9285714286,3464.9166666667,RS,General Câmara,Região Sul,223.5430107527
45,1,3,mulher,45,0,78792.0,5628.0,6566.0,PI,Murici Dos Portelas,Região Nordeste,291.8222222222
46,0,3,homem,35,0,805.0,57.5,67.0833333333,BA,Malhada de Pedras,Região Nordeste,3.8333333333
47,0,3,homem,34,1,155.0,11.0714285714,12.9166666667,AC,Bujari,Região Norte,0.7598039216
48,1,3,mulher,15,0,775.0,55.3571428571,64.5833333333,AL,Olho D´água do Casado,Região Nordeste,8.6111111111
49,0,3,homem,30,2,2160.0,154.2857142857,180.0,MS,Anaurilândia,Região Centro-Oeste,12.0
50,0,3,mulher,31,1,178.0,12.7142857143,14.8333333333,TO,Filadélfia,Região Norte,0.9569892473
51,0,3,homem,45,4,396.0,28.2857142857,33.0,SP,Terra Roxa,Região Sudeste,1.4666666667
52,0,3,homem,35,0,78.0,5.5714285714,6.5,SE,Nossa Senhora Aparecida,Região Nordeste,0.3714285714
53,1,1,mulher,34,1,7672.0,548.0,639.3333333333,GO,Nova Glória,Região Centro-Oeste,37.6078431373
54,1,2,mulher,15,1,26.0,1.8571428571,2.1666666667,SP,Nova Campina,Região Sudeste,0.2888888889
55,0,1,homem,65,0,61979.0,4427.0714285714,5164.9166666667,MT,Denise,Região Centro-Oeste,158.9205128205
56,1,1,homem,30,0,355.0,25.3571428571,29.5833333333,MA,Jatobá,Região Nordeste,1.9722222222
57,1,2,mulher,31,0,105.0,7.5,8.75,SP,Ariranha,Região Sudeste,0.564516129
58,0,3,homem,45,0,72292.0,5163.7142857143,6024.3333333333,PR,Japurá,Região Sul,267.7481481481
59,1,2,mulher,35,1,2775.0,198.2142857143,231.25,PI,Queimada Nova,Região Nordeste,13.2142857143
60,0,3,homem,34,5,469.0,33.5,39.0833333333,PR,Mauá da Serra,Região Sul,2.2990196078
61,0,3,homem,15,0,72292.0,5163.7142857143,6024.3333333333,RS,Tuparendi,Região Sul,803.2444444444
62,1,1,mulher,38,0,80.0,5.7142857143,6.6666666667,RJ,Rio Das Flores,Região Sudeste,0.350877193
63,0,1,homem,45,1,83475.0,5962.5,6956.25,RO,Itapuã do Oeste,Região Norte,309.1666666667
64,0,3,homem,30,3,279.0,19.9285714286,23.25,MT,Apiacás,Região Centro-Oeste,1.55
65,0,1,homem,31,0,2772.0,198.0,231.0,RN,Baía Formosa,Região Nordeste,14.9032258065
66,1,3,homem,45,1,152458.0,10889.8571428571,12704.8333333333,GO,Itauçu,Região Centro-Oeste,564.6592592593
67,1,2,mulher,35,0,105.0,7.5,8.75,MG,Santana do Manhuaçu,Região Sudeste,0.5
68,0,3,homem,34,0,81583.0,5827.3571428572,6798.5833333333,MG,Pavão,Região Sudeste,399.9166666667
69,1,3,mulher,18,4,7925.0,566.0714285714,660.4166666667,SP,Paulo de Faria,Região Sudeste,73.3796296296
70,0,3,homem,26,2,86625.0,6187.5,7218.75,PI,Francisco Santos,Região Nordeste,555.2884615385
71,0,2,homem,32,0,105.0,7.5,8.75,BA,Aratuípe,Região Nordeste,0.546875
72,0,3,mulher,19,5,469.0,33.5,39.0833333333,BA,Ribeirão do Largo,Região Nordeste,4.1140350877
73,0,2,homem,21,0,735.0,52.5,61.25,SP,Dourado,Região Sudeste,5.8333333333
74,0,3,homem,26,1,144542.0,10324.4285714286,12045.1666666667,TO,Colméia,Região Norte,926.5512820513
75,1,3,homem,32,0,56495.0,4035.3571428572,4707.9166666667,SP,Rafard,Região Sudeste,294.2447916667
76,0,3,homem,25,0,765.0,54.6428571429,63.75,MG,Virgínia,Região Sudeste,5.1
77,0,3,homem,30,0,78958.0,5639.8571428572,6579.8333333333,SC,Anita Garibaldi,Região Sul,438.6555555556
78,0,3,homem,31,0,805.0,57.5,67.0833333333,PR,São Sebastião da Amoreira,Região Sul,4.3279569892
79,1,2,homem,45,0,29.0,2.0714285714,2.4166666667,MG,Lagoa Grande,Região Sudeste,0.1074074074
80,1,3,mulher,35,0,12475.0,891.0714285714,1039.5833333333,SC,Descanso,Região Sul,59.4047619048
81,0,3,homem,34,0,900.0,64.2857142857,75.0,RS,Casca,Região Sul,4.4117647059
82,1,3,homem,15,0,95.0,6.7857142857,7.9166666667,BA,Várzea do Poço,Região Nordeste,1.0555555556
83,1,3,mulher,22,0,77875.0,5562.5,6489.5833333333,MG,Itapeva,Região Sudeste,589.9621212121
84,0,1,homem,28,0,77875.0,5562.5,6489.5833333333,MG,Cordisburgo,Região Sudeste,463.5416666667
85,1,2,mulher,17,0,105.0,7.5,8.75,RN,São Miguel do Gostoso,Região Nordeste,1.0294117647
86,1,3,mulher,33,3,1585.0,113.2142857143,132.0833333333,ES,Vila Pavão,Região Sudeste,8.0050505051
87,0,3,homem,16,1,34375.0,2455.3571428572,2864.5833333333,SC,Tangará,Região Sul,358.0729166667
88,0,3,homem,22,0,805.0,57.5,67.0833333333,MG,Guarani,Região Sudeste,6.0984848485
89,1,1,mulher,23,3,263.0,18.7857142857,21.9166666667,PR,Tuneiras do Oeste,Região Sul,1.9057971014
90,0,3,homem,24,0,805.0,57.5,67.0833333333,RR,Iracema,Região Norte,5.5902777778
91,0,3,homem,29,0,805.0,57.5,67.0833333333,SP,Herculândia,Região Sudeste,4.6264367816
92,0,3,homem,20,0,7854.0,561.0,654.5,MG,Guiricema,Região Sudeste,65.45
93,0,1,homem,46,1,6117.0,436.9285714286,509.75,MG,Rio Novo,Região Sudeste,22.1630434783
94,0,3,homem,26,1,2057.0,146.9285714286,171.4166666667,GO,Barro Alto,Região Centro-Oeste,13.1858974359
95,0,3,homem,59,0,725.0,51.7857142857,60.4166666667,MG,Dionísio,Região Sudeste,2.0480225989
96,0,3,homem,22,0,805.0,57.5,67.0833333333,PR,Santa Isabel do Ivaí,Região Sul,6.0984848485
97,0,1,homem,71,0,34654.0,2475.2857142857,2887.8333333333,SC,Santa Terezinha,Região Sul,81.3474178404
98,1,1,homem,23,0,63358.0,4525.5714285714,5279.8333333333,RN,Presidente Juscelino,Região Nordeste,459.115942029
99,1,2,mulher,34,0,23.0,1.6428571429,1.9166666667,RS,Candiota,Região Sul,0.112745098
100,0,2,homem,34,1,26.0,1.8571428571,2.1666666667,SP,Neves Paulista,Região Sudeste,0.1274509804
101,0,3,mulher,28,0,78958.0,5639.8571428572,6579.8333333333,BA,Santanópolis,Região Nordeste,469.9880952381
102,0,3,homem,22,0,78958.0,5639.8571428572,6579.8333333333,SP,Lavínia,Região Sudeste,598.1666666667
103,0,1,homem,21,0,772875.0,55205.3571428572,64406.25,BA,Maiquinique,Região Nordeste,6133.9285714286
104,0,3,homem,33,0,86542.0,6181.5714285714,7211.8333333333,RO,Corumbiara,Região Norte,437.0808080808
105,0,3,homem,37,2,7925.0,566.0714285714,660.4166666667,TO,Araguaçu,Região Norte,35.6981981982
106,0,3,homem,28,0,78958.0,5639.8571428572,6579.8333333333,SP,Salto Grande,Região Sudeste,469.9880952381
107,1,3,mulher,21,0,765.0,54.6428571429,63.75,PR,Tomazina,Região Sul,6.0714285714
108,1,3,homem,22,0,7775.0,555.3571428571,647.9166666667,AC,Capixaba,Região Norte,58.9015151515
109,0,3,homem,38,0,78958.0,5639.8571428572,6579.8333333333,SP,Vargem,Região Sudeste,346.3070175439
110,1,3,mulher,22,1,2415.0,172.5,201.25,MG,Pratápolis,Região Sudeste,18.2954545455
111,0,1,homem,47,0,52.0,3.7142857143,4.3333333333,BA,Planaltino,Região Nordeste,0.1843971631
112,0,3,mulher,45,1,144542.0,10324.4285714286,12045.1666666667,RS,Santa Bárbara do Sul,Região Sul,166.1402298851
113,0,3,homem,22,0,805.0,57.5,67.0833333333,SP,Igaratá,Região Sudeste,6.0984848485
114,0,3,mulher,20,1,9825.0,701.7857142857,818.75,SE,Pedrinhas,Região Nordeste,81875.0
115,0,3,mulher,17,0,144583.0,10327.3571428571,12048.5833333333,SP,Urânia,Região Sudeste,1417.4803921569
116,0,3,homem,21,0,7925.0,566.0714285714,660.4166666667,PR,Icaraíma,Região Sul,62.8968253968
117,0,3,homem,70,0,775.0,55.3571428571,64.5833333333,RS,Nova Bassano,Região Sul,0.18321513
118,0,2,homem,29,1,21.0,1.5,1.75,BA,Caturama,Região Nordeste,0.1206896552
119,0,1,homem,24,0,2475208.0,176800.571428571,206267.333333333,PE,Brejão,Região Nordeste,17188.9444444444
120,0,3,mulher,22,4,31275.0,2233.9285714286,2606.25,PR,Marilândia do Sul,Região Sul,2606.25
121,0,2,homem,21,2,735.0,52.5,61.25,CE,Palhano,Região Nordeste,5.8333333333
122,0,3,homem,22,0,805.0,57.5,67.0833333333,MG,Capim Branco,Região Sudeste,6.0984848485
123,0,2,homem,32,1,300708.0,21479.1428571429,25059.0,MT,Ribeirão Cascalheira,Região Centro-Oeste,154.2092307692
124,1,2,mulher,32,0,13.0,0.9285714286,1.0833333333,RO,Santa Luzia D´oeste,Região Norte,0.0066666667
125,0,1,homem,54,0,772875.0,55205.3571428572,64406.25,BA,Candeal,Região Nordeste,2385.4166666667
126,1,3,homem,12,1,112417.0,8029.7857142857,9368.0833333333,RJ,São Sebastião do Alto,Região Sudeste,1561.3472222222
127,0,3,homem,22,0,775.0,55.3571428571,64.5833333333,BA,Cardeal da Silva,Região Nordeste,5.8712121212
128,1,3,homem,24,0,71417.0,5101.2142857143,5951.4166666667,CE,Tarrafas,Região Nordeste,495.9513888889
129,1,3,mulher,22,1,223583.0,15970.2142857143,18631.9166666667,MG,Perdigão,Região Sudeste,1693.8106060606
130,0,3,homem,45,0,6975.0,498.2142857143,581.25,PI,Ilha Grande,Região Nordeste,25.8333333333
131,0,3,homem,33,0,78958.0,5639.8571428572,6579.8333333333,MG,Frei Inocêncio,Região Sudeste,398.7777777778
132,0,3,homem,20,0,705.0,50.3571428571,58.75,GO,Carmo do Rio Verde,Região Centro-Oeste,5875.0
133,0,3,mulher,47,1,145.0,10.3571428571,12.0833333333,RS,Entre-ijuís,Região Sul,0.5141843972
134,1,2,mulher,29,1,26.0,1.8571428571,2.1666666667,RR,Normandia,Região Norte,0.1494252874
135,0,2,homem,25,0,13.0,0.9285714286,1.0833333333,SC,Bom Retiro,Região Sul,0.0866666667
136,0,2,homem,23,0,150458.0,10747.0,12538.1666666667,ES,Ibitirama,Região Sudeste,1090.2753623188
137,1,1,mulher,19,0,262833.0,18773.7857142857,21902.75,RN,Florânia,Região Nordeste,2305.552631579
138,0,1,homem,37,1,531.0,37.9285714286,44.25,MG,Cachoeira de Pajeú,Região Sudeste,2.3918918919
139,0,3,homem,16,0,92167.0,6583.3571428572,7680.5833333333,BA,Jaborandi,Região Nordeste,960.0729166667
140,0,1,homem,24,0,792.0,56.5714285714,66.0,PR,Vera Cruz do Oeste,Região Sul,5.5
141,0,3,mulher,22,0,152458.0,10889.8571428571,12704.8333333333,MG,Divisópolis,Região Sudeste,1154.9848484849
142,1,3,mulher,22,0,775.0,55.3571428571,64.5833333333,BA,Wagner,Região Nordeste,5.8712121212
143,1,3,mulher,24,1,1585.0,113.2142857143,132.0833333333,MG,Pocrane,Região Sudeste,11.0069444444
144,0,3,homem,19,0,675.0,48.2142857143,56.25,SP,Manduri,Região Sudeste,5.9210526316
145,0,2,homem,18,0,115.0,8.2142857143,9.5833333333,PR,Rondon,Região Sul,1.0648148148
146,0,2,homem,19,1,3675.0,262.5,306.25,AP,Calçoene,Região Norte,32.2368421053
147,1,3,homem,27,0,77958.0,5568.4285714286,6496.5,TO,Natividade,Região Norte,481.2222222222
148,0,3,mulher,34,2,34375.0,2455.3571428572,2864.5833333333,PR,Jesuítas,Região Sul,636.5740740741
149,0,2,homem,36,0,26.0,1.8571428571,2.1666666667,RN,Januário Cicco,Região Nordeste,0.0118721461
150,0,2,homem,42,0,13.0,0.9285714286,1.0833333333,SC,Saudades,Região Sul,0.0515873016
151,0,2,homem,51,0,12525.0,894.6428571429,1043.75,MG,Coluna,Região Sudeste,40.931372549
152,1,1,mulher,22,1,666.0,47.5714285714,55.5,SP,Ilha Comprida,Região Sudeste,5.0454545455
153,0,3,homem,55,0,805.0,57.5,67.0833333333,PR,Itaipulândia,Região Sul,0.2417417417
154,0,3,homem,40,0,145.0,10.3571428571,12.0833333333,MG,Santa Rita de Caldas,Região Sudeste,0.0596707819
155,0,3,homem,22,0,73125.0,5223.2142857143,6093.75,SP,Sarapuí,Região Sudeste,553.9772727273
156,0,1,homem,51,0,613792.0,43842.2857142857,51149.3333333333,MG,Caputira,Região Sudeste,2005.8562091503
157,1,3,mulher,16,0,77333.0,5523.7857142857,6444.4166666667,AL,Campo Grande,Região Nordeste,805.5520833333
158,0,3,homem,30,0,805.0,57.5,67.0833333333,GO,Buriti Alegre,Região Centro-Oeste,4.4722222222
159,0,3,homem,22,0,86625.0,6187.5,7218.75,PR,São Jorge D´oeste,Região Sul,656.25
160,0,3,homem,22,8,6955.0,496.7857142857,579.5833333333,MG,Rio Acima,Região Sudeste,52.6893939394
161,0,3,homem,44,0,161.0,11.5,13.4166666667,CE,Deputado Irapuan Pinheiro,Região Nordeste,0.6098484848
162,1,2,mulher,40,0,1575.0,112.5,131.25,PI,Anísio de Abreu,Região Nordeste,6.5625
163,0,3,homem,26,0,7775.0,555.3571428571,647.9166666667,GO,Paranaiguara,Região Centro-Oeste,49.8397435897
164,0,3,homem,19,0,86625.0,6187.5,7218.75,BA,Varzedo,Região Nordeste,849.2647058824
165,0,3,homem,19,4,396875.0,28348.2142857143,33072.9166666667,MG,Coronel Murta,Região Sudeste,66145.8333333333
166,1,3,homem,90,0,20525.0,1466.0714285714,1710.4166666667,PE,Verdejante,Região Nordeste,380.0925925926
167,1,1,mulher,22,0,55.0,3.9285714286,4.5833333333,TO,Sítio Novo do Tocantins,Região Norte,0.4166666667
168,0,3,mulher,45,1,279.0,19.9285714286,23.25,MG,Carbonita,Região Sudeste,1.0333333333
169,0,1,homem,22,0,25925.0,1851.7857142857,2160.4166666667,AC,Porto Walter,Região Norte,196.4015151515
170,0,3,homem,28,0,564958.0,40354.1428571429,47079.8333333333,MS,Angélica,Região Centro-Oeste,3362.8452380952
171,0,1,homem,61,0,335.0,23.9285714286,27.9166666667,MT,Nova Ubiratã,Região Centro-Oeste,0.9153005464
172,0,3,homem,40,4,29125.0,2080.3571428572,2427.0833333333,PB,Triunfo,Região Nordeste,1213.5416666667
173,1,3,mulher,18,1,111333.0,7952.3571428572,9277.75,SE,Rosário do Catete,Região Nordeste,18555.5
174,0,3,homem,21,0,7925.0,566.0714285714,660.4166666667,BA,São Domingos,Região Nordeste,62.8968253968
175,0,1,homem,56,0,306958.0,21925.5714285714,25579.8333333333,MG,Juruaia,Região Sudeste,913.5654761905
176,0,3,homem,18,1,78542.0,5610.1428571429,6545.1666666667,MA,Fernando Falcão,Região Nordeste,727.2407407407
177,0,3,homem,22,3,254667.0,18190.5,21222.25,PI,Dom Inocêncio,Região Nordeste,1929.2954545455
178,0,1,mulher,50,0,287125.0,20508.9285714286,23927.0833333333,MG,Igaratinga,Região Sudeste,957.0833333333
179,0,2,homem,30,0,13.0,0.9285714286,1.0833333333,MG,Paula Cândido,Região Sudeste,0.0722222222
180,0,3,homem,36,0,0.0,0.0,0.0,SC,São José do Cerrito,Região Sul,0.0
181,0,3,mulher,22,8,6955.0,496.7857142857,579.5833333333,TO,Axixá do Tocantins,Região Norte,52.6893939394
182,0,2,homem,22,0,1505.0,107.5,125.4166666667,PE,Terra Nova,Região Nordeste,11.4015151515
183,0,3,homem,29,4,313875.0,22419.6428571429,26156.25,BA,Ipupiara,Região Nordeste,5812.5
184,1,2,homem,21,2,39.0,2.7857142857,3.25,RN,Augusto Severo,Região Nordeste,6.5
185,1,3,mulher,21,0,22025.0,1573.2142857143,1835.4166666667,MG,Coqueiral,Região Sudeste,917.7083333333
186,0,1,homem,22,0,50.0,3.5714285714,4.1666666667,PB,Umbuzeiro,Região Nordeste,0.3787878788
187,1,3,mulher,22,1,155.0,11.0714285714,12.9166666667,MG,Dores de Campos,Região Sudeste,1.1742424242
188,1,1,homem,45,0,2655.0,189.6428571429,221.25,SP,Nova Europa,Região Sudeste,9.8333333333
189,0,3,homem,40,1,155.0,11.0714285714,12.9166666667,PE,Salgadinho,Região Nordeste,0.6458333333
190,0,3,homem,36,0,78958.0,5639.8571428572,6579.8333333333,SC,Monte Carlo,Região Sul,365.5462962963
191,1,2,mulher,32,0,13.0,0.9285714286,1.0833333333,SC,Agrolândia,Região Sul,0.0677083333
192,0,2,homem,19,0,13.0,0.9285714286,1.0833333333,RS,Catuípe,Região Sul,0.1140350877
193,1,3,mulher,19,1,78542.0,5610.1428571429,6545.1666666667,RR,Amajari,Região Norte,688.9649122807
194,1,2,homem,21,1,26.0,1.8571428571,2.1666666667,PI,Ipiranga do Piauí,Região Nordeste,1.4444444444
195,1,1,mulher,44,0,277208.0,19800.5714285714,23100.6666666667,SP,Torrinha,Região Sudeste,1050.0303030303
196,1,1,mulher,58,0,1465208.0,104657.714285714,122100.666666667,SE,Riachuelo,Região Nordeste,4210.367816092
197,0,3,homem,22,0,775.0,55.3571428571,64.5833333333,MG,Riacho Dos Machados,Região Sudeste,5.8712121212
198,0,3,homem,42,0,84042.0,6003.0,7003.5,SC,Campo Erê,Região Sul,333.5
199,1,3,mulher,22,0,775.0,55.3571428571,64.5833333333,RS,Chapada,Região Sul,5.8712121212
200,0,2,mulher,24,0,13.0,0.9285714286,1.0833333333,RO,Vale do Anari,Região Norte,0.0902777778
201,0,3,homem,28,0,95.0,6.7857142857,7.9166666667,GO,Cavalcante,Região Centro-Oeste,0.5654761905
202,0,3,homem,22,8,6955.0,496.7857142857,579.5833333333,RN,Grossos,Região Nordeste,52.6893939394
203,0,3,homem,34,0,64958.0,4639.8571428572,5413.1666666667,BA,Canápolis,Região Nordeste,318.4215686275
204,0,3,homem,21,0,7225.0,516.0714285714,602.0833333333,SC,Alfredo Wagner,Região Sul,2.6465201465
205,1,3,homem,18,0,805.0,57.5,67.0833333333,MA,Montes Altos,Região Nordeste,7.4537037037
206,0,3,mulher,21,0,104625.0,7473.2142857143,8718.75,RN,Bom Jesus,Região Nordeste,8718.75
207,0,3,homem,32,1,1585.0,113.2142857143,132.0833333333,PB,Água Branca,Região Nordeste,8.2552083333
208,1,3,homem,26,0,187875.0,13419.6428571429,15656.25,AM,Amaturá,Região Norte,1204.3269230769
209,1,3,mulher,16,0,775.0,55.3571428571,64.5833333333,PB,Mulungu,Região Nordeste,8.0729166667
210,1,1,homem,40,0,31.0,2.2142857143,2.5833333333,MG,Carneirinho,Região Sudeste,0.1291666667
211,0,3,homem,24,0,705.0,50.3571428571,58.75,SP,Uchoa,Região Sudeste,4.8958333333
212,1,2,mulher,35,0,21.0,1.5,1.75,RJ,Varre-sai,Região Sudeste,0.1
213,0,3,homem,22,0,725.0,51.7857142857,60.4166666667,TO,Esperantina,Região Norte,5.4924242424
214,0,2,homem,30,0,13.0,0.9285714286,1.0833333333,ES,Bom Jesus do Norte,Região Sudeste,0.0722222222
215,0,3,homem,22,1,775.0,55.3571428571,64.5833333333,SC,São Domingos,Região Sul,5.8712121212
216,1,1,mulher,31,1,113275.0,8091.0714285714,9439.5833333333,MG,Arceburgo,Região Sudeste,609.0053763441
217,1,3,mulher,27,0,7925.0,566.0714285714,660.4166666667,ES,Águia Branca,Região Sudeste,48.9197530864
218,0,2,homem,42,1,27.0,1.9285714286,2.25,MG,Ipuiúna,Região Sudeste,0.1071428571
219,1,1,mulher,32,0,762917.0,54494.0714285714,63576.4166666667,SC,Irani,Região Sul,3973.5260416667
220,0,2,homem,30,0,105.0,7.5,8.75,MG,Tombos,Região Sudeste,0.5833333333
221,1,3,homem,21,0,805.0,57.5,67.0833333333,PB,Cachoeira Dos Índios,Região Nordeste,8.3854166667
222,0,2,homem,27,0,13.0,0.9285714286,1.0833333333,BA,Quixabeira,Região Nordeste,0.0802469136
223,0,3,homem,51,0,805.0,57.5,67.0833333333,SC,Catanduvas,Região Sul,2.6307189542
224,0,3,homem,22,0,78958.0,5639.8571428572,6579.8333333333,BA,Lamarão,Região Nordeste,598.1666666667
225,1,1,homem,38,1,90.0,6.4285714286,7.5,MG,Antônio Dias,Região Sudeste,0.3947368421
226,0,3,homem,22,0,935.0,66.7857142857,77.9166666667,MG,Prudente de Morais,Região Sudeste,7.0833333333
227,1,2,homem,19,0,105.0,7.5,8.75,SP,Engenheiro Coelho,Região Sudeste,0.9210526316
228,0,3,homem,20,0,725.0,51.7857142857,60.4166666667,BA,Água Fria,Região Nordeste,0.5894308943
229,0,2,homem,18,0,13.0,0.9285714286,1.0833333333,BA,Canudos,Região Nordeste,0.1203703704
230,0,3,mulher,22,3,254667.0,18190.5,21222.25,SP,Pirapora do Bom Jesus,Região Sudeste,1929.2954545455
231,1,1,mulher,35,1,83475.0,5962.5,6956.25,BA,Ponto Novo,Região Nordeste,397.5
232,0,3,homem,29,0,7775.0,555.3571428571,647.9166666667,CE,Saboeiro,Região Nordeste,44.683908046
233,0,2,homem,59,0,135.0,9.6428571429,11.25,BA,Cipó,Região Nordeste,0.3813559322
234,1,3,mulher,21,4,313875.0,22419.6428571429,26156.25,MT,Pedra Preta,Região Centro-Oeste,10462.5
235,0,2,homem,24,0,105.0,7.5,8.75,CE,Pereiro,Região Nordeste,0.7291666667
236,0,3,mulher,22,0,755.0,53.9285714286,62.9166666667,SC,Santa Cecília,Região Sul,5.7196969697
237,0,2,homem,44,1,,1.8571428571,2.1666666667,GO,Abadiânia,Região Centro-Oeste,0.0984848485
238,1,2,mulher,44,0,,187.5,218.75,GO,Crixás,Região Centro-Oeste,54.6875
239,0,2,homem,19,0,,7.5,8.75,PE,Joaquim Nabuco,Região Nordeste,0.9210526316
240,0,2,homem,33,0,,876.7857142857,1022.9166666667,SP,Elias Fausto,Região Sudeste,61.9949494949
241,0,3,mulher,22,1,,10324.4285714286,12045.1666666667,PR,Terra Boa,Região Sul,1095.0151515152
242,1,3,mulher,22,1,,11.0714285714,12.9166666667,BA,Ibicuí,Região Nordeste,1.1742424242
243,0,2,homem,29,0,,7.5,8.75,ES,João Neiva,Região Sudeste,0.6034482759
244,0,3,homem,22,0,,508.9285714286,593.75,PE,Jataúba,Região Nordeste,53.9772727273
245,0,3,homem,30,0,,516.0714285714,602.0833333333,MG,Tocantins,Região Sudeste,40.1388888889
246,0,1,homem,44,2,,6.4285714286,7.5,SE,Indiaroba,Região Nordeste,0.3409090909
247,0,3,mulher,25,0,,555.3571428571,647.9166666667,RN,São Paulo do Potengi,Região Nordeste,51.8333333333
248,1,2,mulher,24,0,,10.3571428571,12.0833333333,PA,Aveiro,Região Norte,1.0069444444
249,1,1,homem,37,1,,37538.7142857143,43795.1666666667,RS,Restinga Seca,Região Sul,2367.3063063063
250,0,2,homem,54,1,,1.8571428571,2.1666666667,RO,Cujubim,Região Norte,0.0802469136
251,0,3,homem,22,0,,51.7857142857,60.4166666667,MG,Montalvânia,Região Sudeste,5.4924242424
252,0,3,mulher,29,1,,7473.2142857143,8718.75,PR,Bituruna,Região Sul,601.2931034483
253,0,1,homem,62,0,,189.6428571429,221.25,PR,Contenda,Região Sul,7.1370967742
254,0,3,homem,30,1,161.0,11.5,13.4166666667,MA,Governador Edison Lobão,Região Nordeste,0.8944444444
255,0,3,mulher,41,0,202125.0,14437.5,16843.75,BA,Souto Soares,Região Nordeste,821.6463414634
256,1,3,mulher,29,0,152458.0,10889.8571428571,12704.8333333333,RS,Não-me-toque,Região Sul,876.1954022989
257,1,1,mulher,22,0,792.0,56.5714285714,66.0,TO,Augustinópolis,Região Norte,6.0
258,1,1,mulher,30,0,865.0,61.7857142857,72.0833333333,MG,Poço Fundo,Região Sudeste,4.8055555556
259,1,1,mulher,35,0,5123292.0,365949.428571429,426941.0,BA,América Dourada,Região Nordeste,24396.6285714286
260,1,2,mulher,50,0,26.0,1.8571428571,2.1666666667,MA,Governador Eugênio Barros,Região Nordeste,0.0866666667
261,0,3,homem,22,0,775.0,55.3571428571,64.5833333333,PE,Lagoa do Carro,Região Nordeste,5.8712121212
262,1,3,homem,21,4,313875.0,22419.6428571429,26156.25,BA,Malhada,Região Nordeste,17437.5
263,0,1,homem,52,1,7965.0,568.9285714286,663.75,SC,Palmitos,Região Sul,25.5288461538
264,0,1,homem,40,0,0.0,0.0,0.0,BA,Belo Campo,Região Nordeste,0.0
265,0,3,mulher,22,0,775.0,55.3571428571,64.5833333333,RO,São Francisco do Guaporé,Região Norte,5.8712121212
266,0,2,homem,36,0,105.0,7.5,8.75,PE,Venturosa,Região Nordeste,0.4861111111
267,0,3,homem,21,4,396875.0,28348.2142857143,33072.9166666667,PB,Sumé,Região Nordeste,4134.1145833333
268,1,3,homem,25,1,7775.0,555.3571428571,647.9166666667,PR,Matelândia,Região Sul,51.8333333333
269,1,1,mulher,58,0,1534625.0,109616.071428571,127885.416666667,SC,Porto Belo,Região Sul,4409.841954023
270,1,1,mulher,35,0,1356333.0,96880.9285714286,113027.75,AC,Xapuri,Região Norte,6458.7285714286
271,0,1,homem,22,0,31.0,2.2142857143,2.5833333333,SC,Morro da Fumaça,Região Sul,0.2348484848
272,1,3,homem,25,0,0.0,0.0,0.0,BA,Tanque Novo,Região Nordeste,0.0
273,1,2,mulher,41,0,195.0,13.9285714286,16.25,MG,Lima Duarte,Região Sudeste,0.7926829268
274,0,1,homem,37,0,297.0,21.2142857143,24.75,RS,Getúlio Vargas,Região Sul,1.3378378378
275,1,3,mulher,22,0,775.0,55.3571428571,64.5833333333,CE,Aiuaba,Região Nordeste,5.8712121212
276,1,1,mulher,63,1,779583.0,55684.5,64965.25,PB,Cruz do Espírito Santo,Região Nordeste,2062.3888888889
277,0,3,mulher,45,0,775.0,55.3571428571,64.5833333333,SP,Macatuba,Região Sudeste,2.8703703704
278,0,2,homem,22,0,0.0,0.0,0.0,BA,Mirangaba,Região Nordeste,0.0
279,0,3,homem,21,4,29125.0,2080.3571428572,2427.0833333333,SP,Conchas,Região Sudeste,693.4523809524
280,1,3,mulher,35,1,2025.0,144.6428571429,168.75,PA,Ourém,Região Norte,9.6428571429
281,0,3,homem,65,0,775.0,55.3571428571,64.5833333333,PR,Corbélia,Região Sul,1.9871794872
282,0,3,homem,28,0,78542.0,5610.1428571429,6545.1666666667,PR,Faxinal,Região Sul,467.5119047619
283,0,3,homem,16,0,95.0,6.7857142857,7.9166666667,AM,Anori,Região Norte,0.9895833333
284,1,3,homem,19,0,805.0,57.5,67.0833333333,PA,Belterra,Região Norte,7.0614035088
285,0,1,homem,22,0,26.0,1.8571428571,2.1666666667,SC,Pinhalzinho,Região Sul,0.196969697
286,0,3,homem,33,0,86625.0,6187.5,7218.75,SC,Otacílio Costa,Região Sul,437.5
287,1,3,homem,30,0,95.0,6.7857142857,7.9166666667,AM,Envira,Região Norte,0.5277777778
288,0,3,homem,22,0,78958.0,5639.8571428572,6579.8333333333,PR,Realeza,Região Sul,598.1666666667
289,1,2,homem,42,0,13.0,0.9285714286,1.0833333333,SE,Maruim,Região Nordeste,0.0515873016
290,1,3,mulher,22,0,775.0,55.3571428571,64.5833333333,PR,Assaí,Região Sul,5.8712121212
291,1,1,mulher,26,0,7885.0,563.2142857143,657.0833333333,CE,Alto Santo,Região Nordeste,50.5448717949
292,1,1,mulher,19,1,910792.0,65056.5714285714,75899.3333333333,RS,São Pedro do Sul,Região Sul,7989.4035087719
293,0,2,homem,36,0,12875.0,919.6428571429,1072.9166666667,SP,Nazaré Paulista,Região Sudeste,59.6064814815
294,0,3,mulher,24,0,885.0,63.2142857143,73.75,BA,Ourolândia,Região Nordeste,6.1458333333
295,0,3,homem,24,0,78958.0,5639.8571428572,6579.8333333333,MS,Nova Alvorada do Sul,Região Centro-Oeste,548.3194444444
296,0,1,homem,22,0,277208.0,19800.5714285714,23100.6666666667,RR,Alto Alegre,Região Norte,2100.0606060606
297,0,3,homem,23,0,72292.0,5163.7142857143,6024.3333333333,PI,Água Branca,Região Nordeste,51.2709219858
298,0,1,mulher,21,1,15155.0,1082.5,1262.9166666667,BA,Urandi,Região Nordeste,1262.9166666667
299,1,1,homem,22,0,305.0,21.7857142857,25.4166666667,BA,Jaguaripe,Região Nordeste,2.3106060606
300,1,1,mulher,50,0,,176800.571428571,206267.333333333,BA,Tapiramutá,Região Nordeste,8250.6933333333
301,1,3,mulher,22,0,,55.3571428571,64.5833333333,SE,Cristinápolis,Região Nordeste,5.8712121212
302,1,3,homem,22,2,,166.0714285714,193.75,BA,Sapeaçu,Região Nordeste,17.6136363636
303,0,3,homem,19,0,,0.0,0.0,RJ,Porto Real,Região Sudeste,0.0
304,1,2,mulher,22,0,,88.2142857143,102.9166666667,MA,Bacuri,Região Nordeste,9.3560606061
305,0,3,homem,22,0,,57.5,67.0833333333,SP,Cafelândia,Região Sudeste,6.0984848485
306,1,1,homem,92,1,,1082.5,1262.9166666667,RS,Tapes,Região Sul,27.4547101449
307,1,1,mulher,22,0,,79202.3571428572,92402.75,PR,Cândido de Abreu,Região Sul,8400.25
308,1,1,mulher,17,1,,77.7857142857,90.75,CE,Monsenhor Tabosa,Região Nordeste,10.6764705882
309,0,2,homem,30,1,,1.7142857143,2.0,MG,Ipaba,Região Sudeste,0.1333333333
310,1,1,mulher,30,0,,40663.7142857143,47441.0,BA,Nova Canaã,Região Nordeste,3162.7333333333
311,1,1,mulher,24,0,831583.0,59398.7857142857,69298.5833333333,RS,Agudo,Região Sul,5774.8819444445
312,1,1,mulher,18,2,262375.0,18741.0714285714,21864.5833333333,BA,Filadélfia,Região Nordeste,2429.3981481482
313,0,2,mulher,26,1,26.0,1.8571428571,2.1666666667,CE,Carnaubal,Região Nordeste,0.1666666667
314,0,3,homem,28,0,78958.0,5639.8571428572,6579.8333333333,PB,Cacimba de Dentro,Região Nordeste,469.9880952381
315,0,2,homem,43,1,2625.0,187.5,218.75,SE,Campo do Brito,Região Nordeste,10.1744186047
316,1,3,mulher,26,0,78542.0,5610.1428571429,6545.1666666667,GO,Caiapônia,Região Centro-Oeste,503.4743589744
317,1,2,mulher,24,1,26.0,1.8571428571,2.1666666667,PR,Terra Roxa,Região Sul,0.1805555556
318,0,2,homem,54,0,14.0,1.0,1.1666666667,PB,Juazeirinho,Região Nordeste,0.0432098765
319,1,1,mulher,31,0,1648667.0,117761.928571429,137388.916666667,AP,Porto Grande,Região Norte,8863.8010752688
320,1,1,mulher,40,1,1345.0,96.0714285714,112.0833333333,CE,Tejuçuoca,Região Nordeste,5.6041666667
321,0,3,homem,22,0,725.0,51.7857142857,60.4166666667,SP,Alumínio,Região Sudeste,5.4924242424
322,0,3,homem,27,0,78958.0,5639.8571428572,6579.8333333333,RO,Alvorada D´oeste,Região Norte,487.3950617284
323,1,2,mulher,30,0,1235.0,88.2142857143,102.9166666667,SE,Areia Branca,Região Nordeste,6.8611111111
324,1,2,mulher,22,1,29.0,2.0714285714,2.4166666667,SE,Japaratuba,Região Nordeste,0.2196969697
325,0,3,homem,22,8,6955.0,496.7857142857,579.5833333333,PA,Trairão,Região Norte,52.6893939394
326,1,1,mulher,36,0,1356333.0,96880.9285714286,113027.75,PB,Boqueirão,Região Nordeste,6279.3194444445
327,0,3,homem,61,0,62375.0,4455.3571428572,5197.9166666667,PA,São Caetano de Odivelas,Região Norte,170.4234972678
328,1,2,mulher,36,0,13.0,0.9285714286,1.0833333333,BA,Condeúba,Região Nordeste,0.0601851852
329,1,3,mulher,31,1,20525.0,1466.0714285714,1710.4166666667,PE,Dormentes,Região Nordeste,110.3494623656
330,1,1,mulher,16,0,579792.0,41413.7142857143,48316.0,SC,Seara,Região Sul,6039.5
331,1,3,mulher,22,2,2325.0,166.0714285714,193.75,PR,Cerro Azul,Região Sul,17.6136363636
332,0,1,homem,21,0,285.0,20.3571428571,23.75,PA,Terra Santa,Região Norte,0.1043956044
333,0,1,homem,38,0,1534625.0,109616.071428571,127885.416666667,MG,Ladainha,Região Sudeste,6730.8114035088
334,0,3,homem,16,2,18.0,1.2857142857,1.5,BA,Pedro Alexandre,Região Nordeste,0.1875
335,1,1,mulher,22,1,13365.0,954.6428571429,1113.75,PB,Itapororoca,Região Nordeste,101.25
336,0,3,homem,22,0,78958.0,5639.8571428572,6579.8333333333,PE,São Vicente Ferrer,Região Nordeste,598.1666666667
337,0,1,homem,29,1,666.0,47.5714285714,55.5,BA,Umburanas,Região Nordeste,3.8275862069
338,1,1,mulher,41,0,1345.0,96.0714285714,112.0833333333,MA,Sítio Novo,Região Nordeste,5.4674796748
339,1,3,homem,45,0,805.0,57.5,67.0833333333,CE,Jijoca de Jericoacoara,Região Nordeste,2.9814814815
340,0,1,homem,45,0,355.0,25.3571428571,29.5833333333,BA,Ibipeba,Região Nordeste,1.3148148148
341,1,2,homem,21,1,26.0,1.8571428571,2.1666666667,BA,Central,Região Nordeste,2.1666666667
342,1,1,mulher,24,3,263.0,18.7857142857,21.9166666667,PB,Pitimbu,Região Nordeste,1.8263888889
343,0,2,homem,28,0,13.0,0.9285714286,1.0833333333,ES,Fundão,Região Sudeste,0.0773809524
344,0,2,homem,25,0,13.0,0.9285714286,1.0833333333,RO,Cerejeiras,Região Norte,0.0866666667
345,0,2,homem,36,0,13.0,0.9285714286,1.0833333333,BA,Tremedal,Região Nordeste,0.0601851852
346,1,2,mulher,24,0,13.0,0.9285714286,1.0833333333,AP,Mazagão,Região Norte,0.0902777778
347,1,2,mulher,40,0,13.0,0.9285714286,1.0833333333,PB,Pocinhos,Região Nordeste,0.0541666667
348,1,3,mulher,22,1,161.0,11.5,13.4166666667,MS,Mundo Novo,Região Centro-Oeste,1.2196969697
349,1,3,homem,30,1,159.0,11.3571428571,13.25,MG,Carmópolis de Minas,Região Sudeste,8.8333333333
350,0,3,homem,42,0,86625.0,6187.5,7218.75,PR,Mangueirinha,Região Sul,343.75
351,0,3,homem,23,0,9225.0,658.9285714286,768.75,SP,Mirante do Paranapanema,Região Sudeste,66.847826087
352,0,1,homem,22,0,35.0,2.5,2.9166666667,CE,Capistrano,Região Nordeste,0.2651515152
353,0,3,homem,18,1,72292.0,5163.7142857143,6024.3333333333,BA,Abaré,Região Nordeste,803.2444444444
354,0,3,homem,25,1,178.0,12.7142857143,14.8333333333,BA,Coronel João sá,Região Nordeste,1.1866666667
355,0,3,homem,22,0,7225.0,516.0714285714,602.0833333333,CE,Croatá,Região Nordeste,54.7348484848
356,0,3,homem,28,0,95.0,6.7857142857,7.9166666667,BA,Antas,Região Nordeste,0.5654761905
357,1,1,mulher,22,0,55.0,3.9285714286,4.5833333333,RS,Giruá,Região Sul,0.4166666667
358,0,2,mulher,38,0,13.0,0.9285714286,1.0833333333,AL,Batalha,Região Nordeste,0.0570175439
359,1,3,mulher,22,0,78792.0,5628.0,6566.0,AL,Capela,Região Nordeste,596.9090909091
360,1,3,mulher,22,0,78792.0,5628.0,6566.0,SC,Piçarras,Região Sul,596.9090909091
361,0,3,homem,40,1,279.0,19.9285714286,23.25,AM,Tonantins,Região Norte,1.1625
362,0,2,homem,29,1,277208.0,19800.5714285714,23100.6666666667,SP,Araçariguama,Região Sudeste,1593.1494252874
363,0,3,mulher,45,0,144542.0,10324.4285714286,12045.1666666667,GO,São Simão,Região Centro-Oeste,535.3407407407
364,0,3,homem,35,0,705.0,50.3571428571,58.75,MG,Resplendor,Região Sudeste,3.3571428571
365,0,3,homem,22,1,155.0,11.0714285714,12.9166666667,PR,Quitandinha,Região Sul,1.1742424242
366,0,3,homem,30,0,725.0,51.7857142857,60.4166666667,PB,Belém,Região Nordeste,4.0277777778
367,1,1,mulher,60,1,7525.0,537.5,627.0833333333,BA,Macarani,Região Nordeste,20.9027777778
368,1,3,mulher,22,0,72292.0,5163.7142857143,6024.3333333333,AM,Urucará,Região Norte,547.6666666667
369,1,3,mulher,22,0,775.0,55.3571428571,64.5833333333,SC,Abelardo Luz,Região Sul,5.8712121212
370,1,1,mulher,24,0,693.0,49.5,57.75,PE,Camocim de São Félix,Região Nordeste,4.8125
371,1,1,homem,25,1,554417.0,39601.2142857143,46201.4166666667,MG,Rio Pomba,Região Sudeste,3696.1133333333
372,0,3,homem,18,1,64958.0,4639.8571428572,5413.1666666667,MG,Borda da Mata,Região Sudeste,601.462962963
373,0,3,homem,19,0,805.0,57.5,67.0833333333,GO,Pontalina,Região Centro-Oeste,7.0614035088
374,0,1,homem,22,0,1356333.0,96880.9285714286,113027.75,MT,São José do Rio Claro,Região Centro-Oeste,10275.25
375,0,3,mulher,21,3,21075.0,1505.3571428572,1756.25,MG,Jaboticatubas,Região Sudeste,1170.8333333333
376,1,1,mulher,22,1,821708.0,58693.4285714286,68475.6666666667,RO,Alto Paraíso,Região Norte,6225.0606060606
377,1,3,mulher,22,0,725.0,51.7857142857,60.4166666667,PI,Amarante,Região Nordeste,5.4924242424
378,0,1,homem,27,0,2115.0,151.0714285714,176.25,PA,Santa Bárbara do Pará,Região Norte,13.0555555556
379,0,3,homem,20,0,40125.0,2866.0714285714,3343.75,MS,Terenos,Região Centro-Oeste,334375.0
380,0,3,homem,19,0,7775.0,555.3571428571,647.9166666667,MG,Lagoa Formosa,Região Sudeste,68.201754386
381,1,1,mulher,42,0,227525.0,16251.7857142857,18960.4166666667,MA,Presidente Sarney,Região Nordeste,902.876984127
382,1,3,mulher,21,0,157417.0,11244.0714285714,13118.0833333333,CE,Santana do Cariri,Região Nordeste,26236.1666666667
383,0,3,homem,32,0,7925.0,566.0714285714,660.4166666667,SE,Ribeirópolis,Região Nordeste,41.2760416667
384,1,1,mulher,35,1,52.0,3.7142857143,4.3333333333,PE,Cumaru,Região Nordeste,0.2476190476
385,0,3,homem,22,0,78958.0,5639.8571428572,6579.8333333333,AL,Piaçabuçu,Região Nordeste,598.1666666667
386,0,2,homem,18,0,735.0,52.5,61.25,PA,Santa Maria Das Barreiras,Região Norte,6.8055555556
387,0,3,homem,21,5,469.0,33.5,39.0833333333,SP,Jacupiranga,Região Sudeste,78.1666666667
388,1,2,mulher,36,0,13.0,0.9285714286,1.0833333333,AC,Plácido de Castro,Região Norte,0.0601851852
389,0,3,homem,22,0,77292.0,5520.8571428572,6441.0,BA,Cafarnaum,Região Nordeste,585.5454545455
390,1,2,mulher,17,0,12.0,0.8571428571,1.0,PB,Araçagi,Região Nordeste,0.1176470588
391,1,1,homem,36,1,120.0,8.5714285714,10.0,MG,Piranga,Região Sudeste,0.5555555556
392,1,3,homem,21,0,77958.0,5568.4285714286,6496.5,MA,São João do Soter,Região Nordeste,618.7142857143
393,0,3,homem,28,2,7925.0,566.0714285714,660.4166666667,PR,Clevelândia,Região Sul,47.1726190476
394,1,1,mulher,23,1,113275.0,8091.0714285714,9439.5833333333,MG,Bom Sucesso,Região Sudeste,820.8333333333
395,1,3,mulher,24,0,167.0,11.9285714286,13.9166666667,AL,Canapi,Região Nordeste,1.1597222222
396,0,3,homem,22,0,77958.0,5568.4285714286,6496.5,AL,Estrela de Alagoas,Região Nordeste,590.5909090909
397,0,3,mulher,31,0,78542.0,5610.1428571429,6545.1666666667,MG,Peçanha,Região Sudeste,422.2688172043
398,0,2,homem,46,0,26.0,1.8571428571,2.1666666667,SC,Taió,Região Sul,0.0942028986
399,0,2,homem,23,0,105.0,7.5,8.75,SP,Águas de Lindóia,Região Sudeste,0.7608695652
400,1,2,mulher,28,0,1265.0,90.3571428571,105.4166666667,BA,Ibicoara,Região Nordeste,7.5297619048
401,1,3,homem,39,0,7925.0,566.0714285714,660.4166666667,SC,Jaguaruna,Região Sul,33.8675213675
402,0,3,homem,26,0,805.0,57.5,67.0833333333,SP,Viradouro,Região Sudeste,5.1602564103
403,0,3,mulher,21,1,9825.0,701.7857142857,818.75,PR,Ampére,Região Sul,77.9761904762
404,0,3,homem,28,1,1585.0,113.2142857143,132.0833333333,CE,Banabuiú,Região Nordeste,9.4345238095
405,0,3,mulher,20,0,86625.0,6187.5,7218.75,BA,Cabaceiras do Paraguaçu,Região Nordeste,721875.0
406,0,2,homem,34,1,21.0,1.5,1.75,SC,Ibirama,Região Sul,0.1029411765
407,0,3,homem,51,0,775.0,55.3571428571,64.5833333333,MG,Santo Antônio do Amparo,Região Sudeste,2.5326797386
408,1,2,homem,21,1,1875.0,133.9285714286,156.25,MG,São Domingos do Prata,Região Sudeste,104.1666666667
409,0,3,homem,21,0,7775.0,555.3571428571,647.9166666667,SP,Colina,Região Sudeste,61.7063492063
410,0,3,mulher,22,3,254667.0,18190.5,21222.25,BA,Madre de Deus,Região Nordeste,1929.2954545455
411,0,3,homem,22,0,78958.0,5639.8571428572,6579.8333333333,SP,Pradópolis,Região Sudeste,598.1666666667
412,0,3,homem,22,0,68583.0,4898.7857142857,5715.25,MA,Pirapemas,Região Nordeste,519.5681818182
413,1,1,mulher,33,1,90.0,6.4285714286,7.5,SP,Paraibuna,Região Sudeste,0.4545454545
414,0,2,homem,22,0,0.0,0.0,0.0,GO,Hidrolândia,Região Centro-Oeste,0.0
415,1,3,homem,44,0,7925.0,566.0714285714,660.4166666667,GO,Cocalzinho de Goiás,Região Centro-Oeste,30.0189393939
416,0,3,mulher,22,0,805.0,57.5,67.0833333333,MG,Cássia,Região Sudeste,6.0984848485
417,1,2,mulher,34,1,325.0,23.2142857143,27.0833333333,PE,Correntes,Região Nordeste,1.5931372549
418,1,2,mulher,18,0,13.0,0.9285714286,1.0833333333,AL,Anadia,Região Nordeste,0.1203703704
419,0,2,homem,30,0,13.0,0.9285714286,1.0833333333,RJ,Rio Claro,Região Sudeste,0.0722222222
420,0,3,mulher,10,0,2415.0,172.5,201.25,RJ,Carmo,Região Sudeste,40.25
421,0,3,homem,22,0,78958.0,5639.8571428572,6579.8333333333,MA,São Raimundo Das Mangabeiras,Região Nordeste,598.1666666667
422,0,3,homem,21,0,77333.0,5523.7857142857,6444.4166666667,MA,Gonçalves Dias,Região Nordeste,613.753968254
423,0,3,homem,29,0,7875.0,562.5,656.25,MG,Luz,Região Sudeste,45.2586206897
424,0,3,mulher,28,1,144.0,10.2857142857,12.0,MT,Nova Olímpia,Região Centro-Oeste,0.8571428571
425,0,3,homem,18,1,202125.0,14437.5,16843.75,RJ,Sapucaia,Região Sudeste,1871.5277777778
426,0,3,homem,22,0,725.0,51.7857142857,60.4166666667,AM,Maraã,Região Norte,5.4924242424
427,1,2,mulher,28,1,26.0,1.8571428571,2.1666666667,MG,Nova Era,Região Sudeste,0.1547619048
428,1,2,mulher,19,0,26.0,1.8571428571,2.1666666667,ES,Rio Bananal,Região Sudeste,0.2280701754
429,0,3,homem,22,0,775.0,55.3571428571,64.5833333333,SP,Capela do Alto,Região Sudeste,5.8712121212
430,1,3,homem,32,0,805.0,57.5,67.0833333333,SP,Cerqueira César,Região Sudeste,4.1927083333
431,1,1,homem,28,0,2655.0,189.6428571429,221.25,PI,Regeneração,Região Nordeste,15.8035714286
432,1,3,mulher,22,1,161.0,11.5,13.4166666667,MA,Passagem Franca,Região Nordeste,1.2196969697
433,1,2,mulher,42,1,26.0,1.8571428571,2.1666666667,PB,Remígio,Região Nordeste,0.1031746032
434,0,3,homem,17,0,7125.0,508.9285714286,593.75,PE,Afrânio,Região Nordeste,69.8529411765
435,0,1,homem,50,1,559.0,39.9285714286,46.5833333333,MA,Magalhães de Almeida,Região Nordeste,1.8633333333
436,1,1,mulher,14,1,120.0,8.5714285714,10.0,CE,Varjota,Região Nordeste,1.4285714286
437,0,3,mulher,21,2,34375.0,2455.3571428572,2864.5833333333,MT,Poxoréo,Região Centro-Oeste,272.8174603175
438,1,2,mulher,24,2,1875.0,133.9285714286,156.25,MA,Centro Novo do Maranhão,Região Nordeste,13.0208333333
439,0,1,homem,64,1,263.0,18.7857142857,21.9166666667,MG,Matipó,Região Sudeste,0.6848958333
440,0,2,homem,31,0,105.0,7.5,8.75,BA,Fátima,Região Nordeste,0.564516129
441,1,2,mulher,45,1,2625.0,187.5,218.75,CE,Solonópole,Região Nordeste,9.7222222222
442,0,3,homem,20,0,95.0,6.7857142857,7.9166666667,RS,Imbé,Região Sul,0.7916666667
443,0,3,homem,25,1,7775.0,555.3571428571,647.9166666667,PI,Pio ix,Região Nordeste,51.8333333333
444,1,2,mulher,28,0,13.0,0.9285714286,1.0833333333,MG,Arinos,Região Sudeste,0.0773809524
445,1,3,homem,22,0,81125.0,5794.6428571429,6760.4166666667,MT,Rosário Oeste,Região Centro-Oeste,614.5833333333
446,1,1,homem,21,0,818583.0,58470.2142857143,68215.25,RN,Jucurutu,Região Nordeste,34107625.0
447,1,2,mulher,13,0,195.0,13.9285714286,16.25,PA,Rio Maria,Região Norte,2.5
448,1,1,homem,34,0,2655.0,189.6428571429,221.25,MG,Itacarambi,Região Sudeste,13.0147058824
449,1,3,mulher,21,2,192583.0,13755.9285714286,16048.5833333333,BA,Aporá,Região Nordeste,6419.4333333333
450,1,1,homem,52,0,305.0,21.7857142857,25.4166666667,MA,Formosa da Serra Negra,Região Nordeste,0.9775641026
451,0,2,homem,36,1,2775.0,198.2142857143,231.25,RJ,Porciúncula,Região Sudeste,12.8472222222
452,0,3,homem,22,1,199667.0,14261.9285714286,16638.9166666667,PA,Floresta do Araguaia,Região Norte,1512.6287878788
453,0,1,homem,30,0,2775.0,198.2142857143,231.25,MA,Morros,Região Nordeste,15.4166666667
454,1,1,homem,49,1,891042.0,63645.8571428571,74253.5,MA,São Benedito do Rio Preto,Região Nordeste,3030.7551020408
455,0,3,homem,22,0,805.0,57.5,67.0833333333,SP,Paranapanema,Região Sudeste,6.0984848485
456,1,3,homem,29,0,78958.0,5639.8571428572,6579.8333333333,MT,Chapada Dos Guimarães,Região Centro-Oeste,453.7816091954
457,0,1,homem,65,0,2655.0,189.6428571429,221.25,AM,Urucurituba,Região Norte,6.8076923077
458,1,1,mulher,22,1,518625.0,37044.6428571429,43218.75,BA,Ibititá,Região Nordeste,3928.9772727273
459,1,2,mulher,50,0,105.0,7.5,8.75,MA,Barão de Grajaú,Região Nordeste,0.35
460,0,3,homem,22,0,775.0,55.3571428571,64.5833333333,ES,Montanha,Região Sudeste,5.8712121212
461,1,1,homem,48,0,2655.0,189.6428571429,221.25,SP,Itaberá,Região Sudeste,9.21875
462,0,3,homem,34,0,805.0,57.5,67.0833333333,CE,Jaguaretama,Região Nordeste,3.9460784314
463,0,1,homem,47,0,385.0,27.5,32.0833333333,SP,Guapiaçu,Região Sudeste,1.365248227
464,0,2,homem,48,0,13.0,0.9285714286,1.0833333333,BA,Conceição do Almeida,Região Nordeste,0.0451388889
465,0,3,homem,22,0,805.0,57.5,67.0833333333,AL,Inhapi,Região Nordeste,6.0984848485
466,0,3,homem,38,0,705.0,50.3571428571,58.75,MG,Conceição do Mato Dentro,Região Sudeste,3.0921052632
467,0,2,homem,22,0,0.0,0.0,0.0,SC,Papanduva,Região Sul,0.0
468,0,1,homem,56,0,2655.0,189.6428571429,221.25,RJ,Mendes,Região Sudeste,7.9017857143
469,0,3,homem,22,0,7725.0,551.7857142857,643.75,MG,Ervália,Região Sudeste,58.5227272727
470,1,3,mulher,75,2,192583.0,13755.9285714286,16048.5833333333,BA,Piatã,Região Nordeste,427.9622222222
471,0,3,homem,22,0,725.0,51.7857142857,60.4166666667,BA,Boa Vista do Tupim,Região Nordeste,5.4924242424
472,0,3,homem,38,0,86625.0,6187.5,7218.75,AM,Jutaí,Região Norte,379.9342105263
473,1,2,mulher,33,1,2775.0,198.2142857143,231.25,MA,Senador la Rocque,Região Nordeste,14.0151515152
474,1,2,mulher,23,0,137917.0,9851.2142857143,11493.0833333333,SP,Guapiara,Região Sudeste,999.3985507246
475,0,3,mulher,22,0,98375.0,7026.7857142857,8197.9166666667,SP,Castilho,Região Sudeste,745.2651515152
476,0,1,homem,22,0,52.0,3.7142857143,4.3333333333,AM,Apuí,Região Norte,0.3939393939
477,0,2,homem,34,1,21.0,1.5,1.75,PB,Alhandra,Região Nordeste,0.1029411765
478,0,3,homem,29,1,70458.0,5032.7142857143,5871.5,PI,Jaicós,Região Nordeste,404.9310344828
479,0,3,homem,22,0,75208.0,5372.0,6267.3333333333,PR,Cruz Machado,Região Sul,569.7575757576
480,1,3,mulher,21,0,122875.0,8776.7857142857,10239.5833333333,SP,Itatinga,Região Sudeste,10239.5833333333
481,0,3,homem,21,5,469.0,33.5,39.0833333333,MG,Turmalina,Região Sudeste,8.6851851852
482,0,2,homem,22,0,0.0,0.0,0.0,MA,Pastos Bons,Região Nordeste,0.0
483,0,3,homem,50,0,805.0,57.5,67.0833333333,PE,Manari,Região Nordeste,2.6833333333
484,1,3,mulher,63,0,95875.0,6848.2142857143,7989.5833333333,CE,Madalena,Região Nordeste,253.6375661376
485,1,1,homem,25,1,910792.0,65056.5714285714,75899.3333333333,MT,Sapezal,Região Centro-Oeste,6071.9466666667
486,0,3,mulher,22,3,254667.0,18190.5,21222.25,BA,Serra Dourada,Região Nordeste,1929.2954545455
487,1,1,mulher,35,1,90.0,6.4285714286,7.5,ES,Piúma,Região Sudeste,0.4285714286
488,0,1,homem,58,0,297.0,21.2142857143,24.75,BA,Ituaçu,Região Nordeste,0.8534482759
489,0,3,homem,30,0,805.0,57.5,67.0833333333,SC,Três Barras,Região Sul,4.4722222222
490,1,3,homem,21,1,159.0,11.3571428571,13.25,PI,São Miguel do Tapuio,Região Nordeste,2.9444444444
491,0,3,homem,22,1,199667.0,14261.9285714286,16638.9166666667,MG,Santa Vitória,Região Sudeste,1512.6287878788
492,0,3,homem,21,0,725.0,51.7857142857,60.4166666667,SC,Garopaba,Região Sul,5.753968254
493,0,1,homem,55,0,305.0,21.7857142857,25.4166666667,AM,Santa Isabel do Rio Negro,Região Norte,0.9242424242
494,0,1,homem,71,0,495042.0,35360.1428571429,41253.5,BA,Cocos,Região Nordeste,1162.0704225352
495,0,3,homem,21,0,805.0,57.5,67.0833333333,PE,Araçoiaba,Região Nordeste,6.3888888889
496,0,3,homem,22,0,144583.0,10327.3571428571,12048.5833333333,AM,Pauini,Região Norte,1095.3257575758
497,1,1,mulher,54,1,782667.0,55904.7857142857,65222.25,MG,Ipanema,Região Sudeste,2415.6388888889
498,0,3,homem,22,0,151.0,10.7857142857,12.5833333333,BA,Utinga,Região Nordeste,1.1439393939
499,0,1,mulher,25,1,15155.0,1082.5,1262.9166666667,MT,Comodoro,Região Centro-Oeste,101.0333333333
500,0,3,homem,24,0,77958.0,5568.4285714286,6496.5,PB,Ingá,Região Nordeste,541375.0
501,0,3,homem,18,0,86625.0,6187.5,7218.75,PE,São José da Coroa Grande,Região Nordeste,849.2647058824
502,0,3,mulher,21,0,775.0,55.3571428571,64.5833333333,PB,São João do Rio do Peixe,Região Nordeste,6.1507936508
503,0,3,mulher,22,0,76292.0,5449.4285714286,6357.6666666667,PB,Picuí,Região Nordeste,577.9696969697
504,0,3,mulher,37,0,95875.0,6848.2142857143,7989.5833333333,PE,Vertentes,Região Nordeste,431.8693693694
505,1,1,mulher,16,0,865.0,61.7857142857,72.0833333333,AL,Lagoa da Canoa,Região Nordeste,9.0104166667
506,0,1,homem,18,1,1089.0,77.7857142857,90.75,SP,Ribeirão Branco,Região Sudeste,10.0833333333
507,1,2,mulher,33,0,26.0,1.8571428571,2.1666666667,AM,Nhamundá,Região Norte,0.1313131313
508,1,1,homem,22,0,2655.0,189.6428571429,221.25,PA,Curionópolis,Região Norte,20.1136363636
509,0,3,homem,28,0,22525.0,1608.9285714286,1877.0833333333,MG,Simonésia,Região Sudeste,134.0773809524
510,1,3,homem,26,0,564958.0,40354.1428571429,47079.8333333333,GO,Aragarças,Região Centro-Oeste,3621.5256410257
511,1,3,homem,29,0,775.0,55.3571428571,64.5833333333,MG,Baependi,Região Sudeste,4.4540229885
512,0,3,homem,22,0,805.0,57.5,67.0833333333,PE,Serrita,Região Nordeste,6.0984848485
513,1,1,homem,36,0,262875.0,18776.7857142857,21906.25,PI,Castelo do Piauí,Região Nordeste,1217.0138888889
514,1,1,mulher,54,1,594.0,42.4285714286,49.5,MA,Cajari,Região Nordeste,1.8333333333
515,0,3,homem,24,0,74958.0,5354.1428571429,6246.5,RS,Nova Hartz,Região Sul,520.5416666667
516,0,1,homem,47,0,340208.0,24300.5714285714,28350.6666666667,CE,Cariré,Região Nordeste,1206.4113475177
517,1,2,mulher,34,0,105.0,7.5,8.75,RS,Horizontina,Região Sul,0.5147058824
518,0,3,homem,22,0,2415.0,172.5,201.25,PE,Iati,Região Nordeste,18.2954545455
519,1,2,mulher,36,1,26.0,1.8571428571,2.1666666667,PB,Conceição,Região Nordeste,0.1203703704
520,0,3,homem,32,0,78958.0,5639.8571428572,6579.8333333333,CE,Icapuí,Região Nordeste,411.2395833333
521,1,1,mulher,30,0,935.0,66.7857142857,77.9166666667,ES,Muniz Freire,Região Sudeste,5.1944444444
522,0,3,homem,22,0,78958.0,5639.8571428572,6579.8333333333,RR,Caracaraí,Região Norte,598.1666666667
523,0,3,homem,22,0,7225.0,516.0714285714,602.0833333333,GO,Campos Belos,Região Centro-Oeste,54.7348484848
524,1,1,mulher,44,0,579792.0,41413.7142857143,48316.0,PR,Sengés,Região Sul,2196.1818181818
525,0,3,homem,22,0,72292.0,5163.7142857143,6024.3333333333,TO,Formoso do Araguaia,Região Norte,547.6666666667
526,0,3,homem,21,0,775.0,55.3571428571,64.5833333333,BA,São Gabriel,Região Nordeste,0.3189300412
527,1,2,mulher,50,0,105.0,7.5,8.75,SC,Guabiruba,Região Sul,0.35
528,0,1,homem,22,0,2217792.0,158413.714285714,184816.0,SP,Pariquera-açu,Região Sudeste,16801.4545454545
529,0,3,homem,39,0,7925.0,566.0714285714,660.4166666667,MA,Esperantinópolis,Região Nordeste,33.8675213675
530,0,2,homem,23,2,115.0,8.2142857143,9.5833333333,PR,Siqueira Campos,Região Sul,0.8333333333
531,1,2,mulher,21,1,26.0,1.8571428571,2.1666666667,GO,Itapaci,Região Centro-Oeste,2.1666666667
532,0,3,homem,22,0,72292.0,5163.7142857143,6024.3333333333,MT,Santo Antônio do Leverger,Região Centro-Oeste,547.6666666667
533,0,3,homem,21,1,72292.0,5163.7142857143,6024.3333333333,RS,Arroio Grande,Região Sul,708.7450980392
534,1,3,mulher,22,0,223583.0,15970.2142857143,18631.9166666667,MG,Águas Formosas,Região Sudeste,1693.8106060606
535,0,3,mulher,30,0,86625.0,6187.5,7218.75,MG,Alpinópolis,Região Sudeste,481.25
536,1,2,mulher,21,0,2625.0,187.5,218.75,SP,Regente Feijó,Região Sudeste,62.5
537,0,1,homem,45,0,2655.0,189.6428571429,221.25,MA,Cândido Mendes,Região Nordeste,9.8333333333
538,1,1,mulher,30,0,106425.0,7601.7857142857,8868.75,SE,Neópolis,Região Nordeste,591.25
539,0,3,homem,22,0,145.0,10.3571428571,12.0833333333,PR,Capanema,Região Sul,1.0984848485
540,1,1,mulher,22,0,495.0,35.3571428571,41.25,SP,Caconde,Região Sudeste,3.75
541,1,1,mulher,36,0,71.0,5.0714285714,5.9166666667,BA,Itarantim,Região Nordeste,0.3287037037
542,0,3,mulher,21,4,31275.0,2233.9285714286,2606.25,SP,Buri,Região Sudeste,579.1666666667
543,0,3,mulher,11,4,31275.0,2233.9285714286,2606.25,CE,Cariús,Região Nordeste,473.8636363636
544,1,2,homem,32,1,26.0,1.8571428571,2.1666666667,PE,Carnaíba,Região Nordeste,0.1354166667
545,0,1,homem,50,1,106425.0,7601.7857142857,8868.75,MG,Presidente Olegário,Região Sudeste,354.75
546,0,1,homem,64,0,26.0,1.8571428571,2.1666666667,RO,Colorado do Oeste,Região Norte,0.0677083333
547,1,2,mulher,19,1,26.0,1.8571428571,2.1666666667,MA,Olho D´água Das Cunhãs,Região Nordeste,0.2280701754
548,1,2,homem,22,0,138625.0,9901.7857142857,11552.0833333333,BA,Buerarema,Região Nordeste,1050.1893939394
549,0,3,homem,33,1,20525.0,1466.0714285714,1710.4166666667,MS,Itaquiraí,Região Centro-Oeste,103.6616161616
550,1,2,homem,21,1,3675.0,262.5,306.25,CE,Itapiúna,Região Nordeste,76.5625
551,1,1,homem,17,0,1108833.0,79202.3571428572,92402.75,MT,Aripuanã,Região Centro-Oeste,10870.9117647059
552,0,2,homem,27,0,26.0,1.8571428571,2.1666666667,CE,Pindoretama,Região Nordeste,0.1604938272
553,0,3,homem,22,0,78292.0,5592.2857142857,6524.3333333333,MG,Guaranésia,Região Sudeste,593.1212121212
554,1,3,homem,22,0,7225.0,516.0714285714,602.0833333333,SP,Junqueirópolis,Região Sudeste,54.7348484848
555,1,3,mulher,22,0,7775.0,555.3571428571,647.9166666667,CE,Catarina,Região Nordeste,58.9015151515
556,0,1,homem,62,0,2655.0,189.6428571429,221.25,BA,Taperoá,Região Nordeste,7.1370967742
557,1,1,mulher,48,1,396.0,28.2857142857,33.0,MT,Canarana,Região Centro-Oeste,1375.0
558,0,1,homem,22,0,227525.0,16251.7857142857,18960.4166666667,MA,Palmeirândia,Região Nordeste,1723.6742424243
559,1,1,mulher,39,1,7965.0,568.9285714286,663.75,MG,Malacacheta,Região Sudeste,34.0384615385
560,1,3,mulher,36,1,174.0,12.4285714286,14.5,RS,Arroio do Meio,Região Sul,0.8055555556
561,0,3,homem,22,0,775.0,55.3571428571,64.5833333333,CE,Umirim,Região Nordeste,5.8712121212
562,0,3,homem,40,0,78958.0,5639.8571428572,6579.8333333333,PE,Cachoeirinha,Região Nordeste,328.9916666667
563,0,2,homem,28,0,135.0,9.6428571429,11.25,MG,Padre Paraíso,Região Sudeste,0.8035714286
564,0,3,homem,22,0,805.0,57.5,67.0833333333,PB,Araruna,Região Nordeste,6.0984848485
565,0,3,mulher,22,0,805.0,57.5,67.0833333333,MS,Rio Verde de Mato Grosso,Região Centro-Oeste,6.0984848485
566,0,3,homem,24,2,2415.0,172.5,201.25,PR,Antonina,Região Sul,16.7708333333
567,0,3,homem,19,0,78958.0,5639.8571428572,6579.8333333333,PR,Santo Antônio do Sudoeste,Região Sul,692.6140350877
568,0,3,mulher,29,0,21075.0,1505.3571428572,1756.25,CE,Itatira,Região Nordeste,121.1206896552
569,0,3,homem,22,0,72292.0,5163.7142857143,6024.3333333333,AL,Major Isidoro,Região Nordeste,547.6666666667
570,1,3,homem,32,0,78542.0,5610.1428571429,6545.1666666667,CE,Chorozinho,Região Nordeste,409.0729166667
571,1,2,homem,62,0,105.0,7.5,8.75,GO,Rubiataba,Região Centro-Oeste,0.2822580645
572,1,1,mulher,53,2,514792.0,36770.8571428571,42899.3333333333,SP,Monte Azul Paulista,Região Sudeste,1618.8427672956
573,1,1,homem,36,0,263875.0,18848.2142857143,21989.5833333333,BA,Ibirataia,Região Nordeste,1221.6435185185
574,1,3,mulher,22,0,775.0,55.3571428571,64.5833333333,MA,Trizidela do Vale,Região Nordeste,5.8712121212
575,0,3,homem,16,0,805.0,57.5,67.0833333333,BA,Sátiro Dias,Região Nordeste,8.3854166667
576,0,3,homem,19,0,145.0,10.3571428571,12.0833333333,MT,São José Dos Quatro Marcos,Região Centro-Oeste,1.2719298246
577,1,2,mulher,34,0,13.0,0.9285714286,1.0833333333,CE,Farias Brito,Região Nordeste,0.0637254902
578,1,1,mulher,39,1,559.0,39.9285714286,46.5833333333,AL,Taquarana,Região Nordeste,2.3888888889
579,0,3,mulher,22,1,144583.0,10327.3571428571,12048.5833333333,MS,Fátima do Sul,Região Centro-Oeste,1095.3257575758
580,1,3,homem,32,0,7925.0,566.0714285714,660.4166666667,RS,Nova Petrópolis,Região Sul,41.2760416667
581,1,2,mulher,25,1,30.0,2.1428571429,2.5,BA,Santa Bárbara,Região Nordeste,0.2
582,1,1,mulher,39,1,1108833.0,79202.3571428572,92402.75,PI,Buriti Dos Lopes,Região Nordeste,4738.6025641026
583,0,2,homem,54,0,26.0,1.8571428571,2.1666666667,AM,Tapauá,Região Norte,0.0802469136
584,0,1,homem,36,0,40125.0,2866.0714285714,3343.75,PE,Inajá,Região Nordeste,185.7638888889
585,0,3,homem,22,0,87125.0,6223.2142857143,7260.4166666667,PB,Aroeiras,Região Nordeste,660.0378787879
586,1,1,mulher,18,0,7965.0,568.9285714286,663.75,GO,Silvânia,Região Centro-Oeste,73.75
587,0,2,homem,47,0,15.0,1.0714285714,1.25,PB,São José de Piranhas,Região Nordeste,0.0531914894
588,1,1,homem,60,1,792.0,56.5714285714,66.0,BA,Maraú,Região Nordeste,2.2
589,0,3,homem,22,0,805.0,57.5,67.0833333333,TO,Dianópolis,Região Norte,6.0984848485
590,0,3,homem,22,0,805.0,57.5,67.0833333333,MG,Varzelândia,Região Sudeste,6.0984848485
591,0,3,homem,35,0,7125.0,508.9285714286,593.75,ES,Vargem Alta,Região Sudeste,33.9285714286
592,1,1,mulher,52,1,782667.0,55904.7857142857,65222.25,MG,Divino,Região Sudeste,2508.5480769231
593,0,3,homem,47,0,725.0,51.7857142857,60.4166666667,MA,Nova Olinda do Maranhão,Região Nordeste,2.5709219858
594,0,3,mulher,22,0,775.0,55.3571428571,64.5833333333,GO,Jussara,Região Centro-Oeste,5.8712121212
595,0,2,homem,37,1,26.0,1.8571428571,2.1666666667,MA,Maracaçumé,Região Nordeste,0.1171171171
596,0,3,homem,36,1,2415.0,172.5,201.25,PE,Riacho Das Almas,Região Nordeste,11.1805555556
597,1,2,mulher,22,0,33.0,2.3571428571,2.75,PR,Carambeí,Região Sul,0.25
598,0,3,homem,49,0,0.0,0.0,0.0,SP,Nova Granada,Região Sudeste,0.0
599,0,3,homem,22,0,7225.0,516.0714285714,602.0833333333,SP,Juquiá,Região Sudeste,54.7348484848
600,1,1,homem,49,1,569292.0,40663.7142857143,47441.0,RS,Tapejara,Região Sul,1936.3673469388
601,1,2,mulher,24,2,27.0,1.9285714286,2.25,RS,São Francisco de Assis,Região Sul,0.1875
602,0,3,homem,22,0,78958.0,5639.8571428572,6579.8333333333,MT,Paranatinga,Região Centro-Oeste,598.1666666667
603,0,1,homem,22,0,424.0,30.2857142857,35.3333333333,PR,Wenceslau Braz,Região Sul,3.2121212121
604,0,3,homem,44,0,805.0,57.5,67.0833333333,RS,Ibirubá,Região Sul,3.0492424242
605,1,1,homem,35,0,2655.0,189.6428571429,221.25,MG,Campina Verde,Região Sudeste,12.6428571429
606,0,3,homem,36,1,1555.0,111.0714285714,129.5833333333,CE,Hidrolândia,Região Nordeste,7.1990740741
607,0,3,homem,30,0,78958.0,5639.8571428572,6579.8333333333,BA,Mairi,Região Nordeste,438.6555555556
608,1,1,homem,27,0,305.0,21.7857142857,25.4166666667,AL,Porto Real do Colégio,Região Nordeste,1.8827160494
609,1,2,mulher,22,1,415792.0,29699.4285714286,34649.3333333333,PR,Tibagi,Região Sul,3149.9393939394
610,1,1,mulher,40,0,1534625.0,109616.071428571,127885.416666667,SE,Salgado,Região Nordeste,6394.2708333333
611,0,3,mulher,39,1,31275.0,2233.9285714286,2606.25,AL,Água Branca,Região Nordeste,133.6538461538
612,0,3,homem,22,0,705.0,50.3571428571,58.75,MG,Paraisópolis,Região Sudeste,5.3409090909
613,1,3,mulher,22,1,155.0,11.0714285714,12.9166666667,SE,Riachão do Dantas,Região Nordeste,1.1742424242
614,0,3,homem,22,0,775.0,55.3571428571,64.5833333333,SP,Potim,Região Sudeste,5.8712121212
615,0,3,homem,35,0,805.0,57.5,67.0833333333,CE,Quixeré,Região Nordeste,3.8333333333
616,1,2,mulher,24,1,65.0,4.6428571429,5.4166666667,PA,Santa Luzia do Pará,Região Norte,0.4513888889
617,0,3,homem,34,1,144.0,10.2857142857,12.0,CE,Reriutaba,Região Nordeste,0.7058823529
618,0,3,mulher,26,1,161.0,11.5,13.4166666667,RS,Rolante,Região Sul,1.0320512821
619,1,2,mulher,21,2,39.0,2.7857142857,3.25,PI,São João do Piauí,Região Nordeste,1625.0
620,0,2,homem,26,0,105.0,7.5,8.75,MG,Lambari,Região Sudeste,0.6730769231
621,0,3,homem,27,1,144542.0,10324.4285714286,12045.1666666667,CE,Barreira,Região Nordeste,892.2345679012
622,1,1,homem,42,1,525542.0,37538.7142857143,43795.1666666667,RN,Caraúbas,Região Nordeste,2085.4841269841
623,1,3,homem,20,1,157417.0,11244.0714285714,13118.0833333333,RS,Júlio de Castilhos,Região Sul,1311.8083333333
624,0,3,homem,21,0,78542.0,5610.1428571429,6545.1666666667,MS,Bonito,Região Centro-Oeste,623.3492063492
625,0,3,homem,21,0,161.0,11.5,13.4166666667,PE,Capoeiras,Região Nordeste,1.2777777778
626,0,1,homem,61,0,323208.0,23086.2857142857,26934.0,MG,Barroso,Região Sudeste,883.0819672131
627,0,2,homem,57,0,1235.0,88.2142857143,102.9166666667,BA,Buritirama,Região Nordeste,3.6111111111
628,1,1,mulher,21,0,779583.0,55684.5,64965.25,MG,Lajinha,Região Sudeste,6187.1666666667
629,0,3,homem,26,0,78958.0,5639.8571428572,6579.8333333333,MS,Ladário,Região Centro-Oeste,506.141025641
630,0,3,homem,22,0,77333.0,5523.7857142857,6444.4166666667,MG,Monte Alegre de Minas,Região Sudeste,585.8560606061
631,1,1,homem,80,0,30.0,2.1428571429,2.5,MT,Nova Xavantina,Região Centro-Oeste,0.0625
632,0,3,homem,51,0,70542.0,5038.7142857143,5878.5,MS,Chapadão do Sul,Região Centro-Oeste,230.5294117647
633,1,1,homem,32,0,305.0,21.7857142857,25.4166666667,PR,Chopinzinho,Região Sul,1.5885416667
634,0,1,homem,22,0,0.0,0.0,0.0,PB,Alagoa Nova,Região Nordeste,0.0
635,0,3,mulher,21,3,279.0,19.9285714286,23.25,SP,Rosana,Região Sudeste,5.1666666667
636,1,2,mulher,28,0,13.0,0.9285714286,1.0833333333,MS,Costa Rica,Região Centro-Oeste,0.0773809524
637,0,3,homem,32,0,7925.0,566.0714285714,660.4166666667,MA,Poção de Pedras,Região Nordeste,41.2760416667
638,0,2,homem,31,1,2625.0,187.5,218.75,SP,Bom Jesus Dos Perdões,Região Sudeste,14.1129032258
639,0,3,mulher,41,0,396875.0,28348.2142857143,33072.9166666667,MG,Vazante,Região Sudeste,1613.3130081301
640,0,3,homem,22,1,161.0,11.5,13.4166666667,BA,Ubaíra,Região Nordeste,1.2196969697
641,0,3,homem,20,0,78542.0,5610.1428571429,6545.1666666667,CE,Uruburetama,Região Nordeste,654.5166666667
642,1,1,mulher,24,0,693.0,49.5,57.75,RO,Candeias do Jamari,Região Norte,4.8125
643,0,3,mulher,21,3,279.0,19.9285714286,23.25,PR,Mandaguaçu,Região Sul,23.25
644,1,3,homem,22,0,564958.0,40354.1428571429,47079.8333333333,PI,Paulistana,Região Nordeste,4279.9848484849
645,1,3,mulher,75,2,192583.0,13755.9285714286,16048.5833333333,MG,São José da Lapa,Região Sudeste,427.9622222222
646,1,1,homem,48,1,767292.0,54806.5714285714,63941.0,MG,Manga,Região Sudeste,2664.2083333333
647,0,3,homem,19,0,78958.0,5639.8571428572,6579.8333333333,BA,Governador Mangabeira,Região Nordeste,692.6140350877
648,1,1,homem,56,0,355.0,25.3571428571,29.5833333333,SC,Santo Amaro da Imperatriz,Região Sul,1.056547619
649,0,3,homem,22,0,755.0,53.9285714286,62.9166666667,RJ,Cantagalo,Região Sudeste,5.7196969697
650,1,3,mulher,23,0,755.0,53.9285714286,62.9166666667,BA,Uruçuca,Região Nordeste,5.4710144928
651,0,3,homem,22,0,78958.0,5639.8571428572,6579.8333333333,MS,Bataguassu,Região Centro-Oeste,598.1666666667
652,1,2,mulher,18,0,23.0,1.6428571429,1.9166666667,RS,Piratini,Região Sul,0.212962963
653,0,3,homem,21,0,84333.0,6023.7857142857,7027.75,PR,Quatro Barras,Região Sul,669.3095238095
654,1,3,mulher,22,0,78292.0,5592.2857142857,6524.3333333333,SP,Guará,Região Sudeste,593.1212121212
655,0,3,mulher,18,0,675.0,48.2142857143,56.25,RO,Nova Brasilândia D´oeste,Região Norte,6.25
656,0,2,homem,24,2,735.0,52.5,61.25,RS,Ivoti,Região Sul,5.1041666667
657,0,3,homem,22,0,78958.0,5639.8571428572,6579.8333333333,SP,Lucélia,Região Sudeste,598.1666666667
658,0,3,mulher,32,1,155.0,11.0714285714,12.9166666667,BA,Itororó,Região Nordeste,0.8072916667
659,0,2,homem,23,0,13.0,0.9285714286,1.0833333333,MA,São João Batista,Região Nordeste,0.0942028986
660,0,1,homem,58,0,113275.0,8091.0714285714,9439.5833333333,CE,Quiterianópolis,Região Nordeste,325.5028735632
661,1,1,homem,50,2,13365.0,954.6428571429,1113.75,SP,Pompéia,Região Sudeste,44.55
662,0,3,homem,40,0,7225.0,516.0714285714,602.0833333333,SE,Riachuelo,Região Nordeste,30.1041666667
663,0,1,homem,47,0,255875.0,18276.7857142857,21322.9166666667,MG,Riacho Dos Machados,Região Sudeste,907.3581560284
664,0,3,homem,36,0,74958.0,5354.1428571429,6246.5,SC,Campo Erê,Região Sul,347.0277777778
665,1,3,homem,20,1,7925.0,566.0714285714,660.4166666667,RS,Chapada,Região Sul,66.0416666667
666,0,2,homem,32,2,735.0,52.5,61.25,RO,Vale do Anari,Região Norte,3.828125
667,0,2,homem,25,0,13.0,0.9285714286,1.0833333333,GO,Cavalcante,Região Centro-Oeste,0.0866666667
668,0,3,homem,22,0,7775.0,555.3571428571,647.9166666667,RN,Grossos,Região Nordeste,58.9015151515
669,0,3,homem,43,0,805.0,57.5,67.0833333333,BA,Canápolis,Região Nordeste,3.1201550388
670,1,1,mulher,22,1,52.0,3.7142857143,4.3333333333,SC,Alfredo Wagner,Região Sul,0.3939393939
671,1,2,mulher,40,1,39.0,2.7857142857,3.25,MA,Montes Altos,Região Nordeste,0.1625
672,0,1,homem,31,1,52.0,3.7142857143,4.3333333333,RN,Bom Jesus,Região Nordeste,0.2795698925
673,0,2,homem,70,0,105.0,7.5,8.75,PB,Água Branca,Região Nordeste,0.25
674,1,2,homem,31,0,13.0,0.9285714286,1.0833333333,AM,Amaturá,Região Norte,0.0698924731
675,0,2,homem,22,0,0.0,0.0,0.0,PB,Mulungu,Região Nordeste,0.0
676,0,3,homem,18,0,7775.0,555.3571428571,647.9166666667,MG,Carneirinho,Região Sudeste,71.9907407407
677,0,3,homem,21,0,805.0,57.5,67.0833333333,SP,Uchoa,Região Sudeste,0.5476190476
678,1,3,mulher,18,0,98417.0,7029.7857142857,8201.4166666667,RJ,Varre-sai,Região Sudeste,911.2685185185
679,0,3,mulher,43,1,469.0,33.5,39.0833333333,TO,Esperantina,Região Norte,1.8178294574
680,1,1,homem,36,0,5123292.0,365949.428571429,426941.0,ES,Bom Jesus do Norte,Região Sudeste,23718.9444444444
681,0,3,mulher,22,0,81375.0,5812.5,6781.25,SC,São Domingos,Região Sul,616.4772727273
682,1,1,homem,27,0,767292.0,54806.5714285714,63941.0,MG,Arceburgo,Região Sudeste,4736.3703703704
683,0,3,homem,20,0,9225.0,658.9285714286,768.75,ES,Águia Branca,Região Sudeste,76875.0
684,0,3,homem,14,5,469.0,33.5,39.0833333333,MG,Ipuiúna,Região Sudeste,5.5833333333
685,0,2,homem,60,1,39.0,2.7857142857,3.25,SC,Irani,Região Sul,0.1083333333
686,0,2,homem,25,1,415792.0,29699.4285714286,34649.3333333333,MG,Tombos,Região Sudeste,2771.9466666667
687,0,3,homem,14,4,396875.0,28348.2142857143,33072.9166666667,PB,Cachoeira Dos Índios,Região Nordeste,4724.7023809524
688,0,3,homem,19,0,101708.0,7264.8571428572,8475.6666666667,BA,Quixabeira,Região Nordeste,892.1754385965
689,0,3,homem,18,0,77958.0,5568.4285714286,6496.5,SC,Catanduvas,Região Sul,721.8333333333
690,1,1,mulher,15,0,2113375.0,150955.357142857,176114.583333333,BA,Lamarão,Região Nordeste,23481.9444444444
691,1,1,homem,31,1,57.0,4.0714285714,4.75,MG,Antônio Dias,Região Sudeste,0.3064516129
692,1,3,mulher,22,0,134167.0,9583.3571428572,11180.5833333333,MG,Prudente de Morais,Região Sudeste,5590.2916666667
693,1,3,homem,22,0,564958.0,40354.1428571429,47079.8333333333,SP,Palmeira D´oeste,Região Sudeste,4279.9848484849
694,0,3,homem,25,0,7225.0,516.0714285714,602.0833333333,SP,Euclides da Cunha Paulista,Região Sudeste,48.1666666667
695,0,1,homem,60,0,2655.0,189.6428571429,221.25,SC,Balneário Arroio do Silva,Região Sul,7375.0
696,0,2,homem,52,0,135.0,9.6428571429,11.25,SP,Roseira,Região Sudeste,0.4326923077
697,0,3,homem,44,0,805.0,57.5,67.0833333333,SC,Apiúna,Região Sul,3.0492424242
698,1,3,mulher,22,0,77333.0,5523.7857142857,6444.4166666667,RN,Luís Gomes,Região Nordeste,585.8560606061
699,0,1,homem,49,1,1108833.0,79202.3571428572,92402.75,SP,Bofete,Região Sudeste,3771.5408163265
700,0,3,homem,42,0,765.0,54.6428571429,63.75,PI,Sigefredo Pacheco,Região Nordeste,3.0357142857
701,1,1,mulher,18,1,227525.0,16251.7857142857,18960.4166666667,BA,Santa Teresinha,Região Nordeste,2106.712962963
702,1,1,homem,35,0,262875.0,18776.7857142857,21906.25,MG,Bonito de Minas,Região Sudeste,1251.7857142857
703,0,3,mulher,18,0,144542.0,10324.4285714286,12045.1666666667,PR,Barracão,Região Sul,1338.3518518519
704,0,3,homem,25,0,77417.0,5529.7857142857,6451.4166666667,RS,Constantina,Região Sul,516.1133333333
705,0,3,homem,26,1,78542.0,5610.1428571429,6545.1666666667,RN,Carnaubais,Região Nordeste,503.4743589744
706,0,2,homem,39,0,26.0,1.8571428571,2.1666666667,TO,Buriti do Tocantins,Região Norte,0.1111111111
707,1,2,mulher,45,0,135.0,9.6428571429,11.25,SP,Cajobi,Região Sudeste,0.5
708,1,1,homem,42,0,262875.0,18776.7857142857,21906.25,MG,São Gonçalo do Rio Abaixo,Região Sudeste,1043.1547619048
709,1,1,mulher,22,0,15155.0,1082.5,1262.9166666667,BA,Piraí do Norte,Região Nordeste,114.8106060606
710,1,3,homem,22,1,152458.0,10889.8571428571,12704.8333333333,BA,Potiraguá,Região Nordeste,1154.9848484849
711,1,1,mulher,24,0,495042.0,35360.1428571429,41253.5,MG,Ninheira,Região Sudeste,3437.7916666667
712,0,1,homem,22,0,2655.0,189.6428571429,221.25,MG,Conceição da Aparecida,Região Sudeste,20.1136363636
713,1,1,homem,48,1,52.0,3.7142857143,4.3333333333,PB,Juru,Região Nordeste,0.1805555556
714,0,3,homem,29,0,94833.0,6773.7857142857,7902.75,ES,Atilio Vivacqua,Região Sudeste,545.0172413793
715,0,2,homem,52,0,13.0,0.9285714286,1.0833333333,TO,Ananás,Região Norte,0.0416666667
716,0,3,homem,19,0,765.0,54.6428571429,63.75,RS,Terra de Areia,Região Sul,6.7105263158
717,1,1,mulher,38,0,227525.0,16251.7857142857,18960.4166666667,RN,Tenente Ananias,Região Nordeste,997.9166666667
718,1,2,mulher,27,0,105.0,7.5,8.75,RS,Pantano Grande,Região Sul,0.6481481481
719,0,3,homem,22,0,155.0,11.0714285714,12.9166666667,PI,Beneditinos,Região Nordeste,1.1742424242
720,0,3,homem,33,0,7775.0,555.3571428571,647.9166666667,MG,Rubim,Região Sudeste,39.2676767677
721,1,2,mulher,21,0,33.0,2.3571428571,2.75,MS,Glória de Dourados,Região Centro-Oeste,0.9166666667
722,0,3,homem,17,1,70542.0,5038.7142857143,5878.5,PI,Cabeceiras do Piauí,Região Nordeste,691.5882352941
723,0,2,homem,34,0,13.0,0.9285714286,1.0833333333,MG,Itatiaiuçu,Região Sudeste,0.0637254902
724,0,2,homem,50,0,13.0,0.9285714286,1.0833333333,MT,Tabaporã,Região Centro-Oeste,0.0433333333
725,1,1,homem,27,1,531.0,37.9285714286,44.25,SP,Rinópolis,Região Sudeste,3.2777777778
726,0,3,homem,20,0,86625.0,6187.5,7218.75,CE,Catunda,Região Nordeste,721875.0
727,1,2,mulher,30,3,21.0,1.5,1.75,PR,Ventania,Região Sul,0.1166666667
728,1,3,mulher,22,0,77375.0,5526.7857142857,6447.9166666667,SP,Guaraci,Região Sudeste,586.1742424242
729,0,2,homem,25,1,26.0,1.8571428571,2.1666666667,MG,Matias Cardoso,Região Sudeste,0.1733333333
730,0,3,mulher,25,1,7925.0,566.0714285714,660.4166666667,PI,Cristino Castro,Região Nordeste,52.8333333333
731,1,1,mulher,29,0,2113375.0,150955.357142857,176114.583333333,MG,Bela Vista de Minas,Região Sudeste,12145.8333333333
732,0,3,homem,11,0,187875.0,13419.6428571429,15656.25,SP,Iacanga,Região Sudeste,2846.5909090909
733,0,2,homem,22,0,0.0,0.0,0.0,BA,Aramari,Região Nordeste,0.0
734,0,2,homem,23,0,13.0,0.9285714286,1.0833333333,PA,Inhangapi,Região Norte,0.0942028986
735,0,2,homem,23,0,13.0,0.9285714286,1.0833333333,SP,Estiva Gerbi,Região Sudeste,0.0942028986
736,0,3,homem,21,0,161.0,11.5,13.4166666667,RN,Rio do Fogo,Região Nordeste,0.0941520468
737,0,3,mulher,48,1,34375.0,2455.3571428572,2864.5833333333,BA,Ibiassucê,Região Nordeste,119.3576388889
738,1,1,homem,35,0,5123292.0,365949.428571429,426941.0,MT,Alto Paraguai,Região Centro-Oeste,24396.6285714286
739,0,3,homem,22,0,78958.0,5639.8571428572,6579.8333333333,RS,Sinimbu,Região Sul,598.1666666667
740,0,3,homem,22,0,78958.0,5639.8571428572,6579.8333333333,BA,Bom Jesus da Serra,Região Nordeste,598.1666666667
741,1,1,homem,22,0,30.0,2.1428571429,2.5,PR,São Pedro do Ivaí,Região Sul,0.2272727273
742,0,1,homem,36,1,7885.0,563.2142857143,657.0833333333,PR,Alto Piquiri,Região Sul,36.5046296296
743,1,1,mulher,21,2,262375.0,18741.0714285714,21864.5833333333,BA,São José do Jacuípe,Região Nordeste,2082.3412698413
744,0,3,homem,24,1,161.0,11.5,13.4166666667,AL,Cacimbinhas,Região Nordeste,1.1180555556
745,1,3,homem,31,0,7925.0,566.0714285714,660.4166666667,MG,Senhora Dos Remédios,Região Sudeste,42.6075268817
746,0,1,homem,70,1,71.0,5.0714285714,5.9166666667,PB,Itatuba,Região Nordeste,0.169047619
747,0,3,homem,16,1,2025.0,144.6428571429,168.75,PE,Angelim,Região Nordeste,21.09375
748,1,2,mulher,30,0,13.0,0.9285714286,1.0833333333,PR,Catanduvas,Região Sul,0.0722222222
749,0,1,homem,19,1,531.0,37.9285714286,44.25,SP,Pedro de Toledo,Região Sudeste,4.6578947368
750,0,3,homem,31,0,775.0,55.3571428571,64.5833333333,MA,Governador Archer,Região Nordeste,4.1666666667
751,1,2,mulher,21,1,23.0,1.6428571429,1.9166666667,BA,Itapitanga,Região Nordeste,0.9583333333
752,1,3,homem,21,0,12475.0,891.0714285714,1039.5833333333,PR,Pérola,Região Sul,346.5277777778
753,0,3,homem,33,0,95.0,6.7857142857,7.9166666667,TO,Lagoa da Confusão,Região Norte,0.4797979798
754,0,3,homem,23,0,78958.0,5639.8571428572,6579.8333333333,MG,Cristina,Região Sudeste,572.1594202899
755,1,2,mulher,48,1,65.0,4.6428571429,5.4166666667,PI,Caracol,Região Nordeste,0.2256944444
756,1,2,homem,67,1,145.0,10.3571428571,12.0833333333,RJ,Aperibé,Região Sudeste,0.3606965174
757,0,3,homem,28,0,77958.0,5568.4285714286,6496.5,SC,Coronel Freitas,Região Sul,464.0357142857
758,0,2,homem,18,0,115.0,8.2142857143,9.5833333333,AM,Anamã,Região Norte,1.0648148148
759,0,3,homem,34,0,805.0,57.5,67.0833333333,CE,Martinópole,Região Nordeste,3.9460784314
760,1,1,mulher,33,0,865.0,61.7857142857,72.0833333333,MS,Tacuru,Região Centro-Oeste,4.3686868687
761,0,3,homem,22,0,145.0,10.3571428571,12.0833333333,CE,Pires Ferreira,Região Nordeste,1.0984848485
762,0,3,homem,41,0,7125.0,508.9285714286,593.75,RS,Três Cachoeiras,Região Sul,28.9634146341
763,1,3,homem,20,0,72292.0,5163.7142857143,6024.3333333333,MG,Caetanópolis,Região Sudeste,602.4333333333
764,1,1,mulher,36,1,120.0,8.5714285714,10.0,RS,Ronda Alta,Região Sul,0.5555555556
765,0,3,homem,16,0,7775.0,555.3571428571,647.9166666667,BA,Caraíbas,Região Nordeste,80.9895833333
766,1,1,mulher,51,1,779583.0,55684.5,64965.25,RS,Redentora,Região Sul,2547.6568627451
767,0,1,homem,22,0,396.0,28.2857142857,33.0,MG,Guaraciaba,Região Sudeste,3.0
768,0,3,mulher,21,0,775.0,55.3571428571,64.5833333333,SP,Bananal,Região Sudeste,0.4234972678
769,0,3,homem,22,1,2415.0,172.5,201.25,PR,Mariluz,Região Sul,18.2954545455
770,0,3,homem,32,0,83625.0,5973.2142857143,6968.75,RS,Arvorezinha,Região Sul,435.546875
771,0,3,homem,24,0,95.0,6.7857142857,7.9166666667,CE,Groaíras,Região Nordeste,0.6597222222
772,0,3,homem,48,0,78542.0,5610.1428571429,6545.1666666667,PB,Seridó,Região Nordeste,272.7152777778
773,0,2,mulher,57,0,105.0,7.5,8.75,SC,Mondaí,Região Sul,0.3070175439
774,0,3,homem,20,0,7225.0,516.0714285714,602.0833333333,MT,Vera,Região Centro-Oeste,60.2083333333
775,1,2,mulher,54,1,23.0,1.6428571429,1.9166666667,PB,Juripiranga,Região Nordeste,0.0709876543
776,0,3,homem,18,0,775.0,55.3571428571,64.5833333333,RO,Novo Horizonte do Oeste,Região Norte,7.1759259259
777,0,3,homem,19,0,775.0,55.3571428571,64.5833333333,BA,Anguera,Região Nordeste,6.798245614
778,1,3,mulher,21,0,12475.0,891.0714285714,1039.5833333333,SC,Lontras,Região Sul,415.8333333333
779,0,3,homem,18,0,77375.0,5526.7857142857,6447.9166666667,MG,São João do Manhuaçu,Região Sudeste,716.4351851852
780,1,1,mulher,43,0,2113375.0,150955.357142857,176114.583333333,MG,Francisco Badaró,Região Sudeste,8191.3759689923
781,1,3,mulher,13,0,72292.0,5163.7142857143,6024.3333333333,SC,Quilombo,Região Sul,926.8205128205
782,1,1,mulher,19,1,57.0,4.0714285714,4.75,PR,Paranacity,Região Sul,0.5
783,0,1,homem,29,0,30.0,2.1428571429,2.5,MG,Miradouro,Região Sudeste,0.1724137931
784,0,3,homem,18,1,2345.0,167.5,195.4166666667,MS,Aral Moreira,Região Centro-Oeste,21.712962963
785,0,3,homem,25,0,705.0,50.3571428571,58.75,MA,Senador Alexandre Costa,Região Nordeste,4.7
786,0,3,homem,25,0,725.0,51.7857142857,60.4166666667,GO,São João D´aliança,Região Centro-Oeste,4.8333333333
787,1,3,mulher,18,0,74958.0,5354.1428571429,6246.5,MA,São Francisco do Brejão,Região Nordeste,694.0555555556
788,0,3,homem,18,4,29125.0,2080.3571428572,2427.0833333333,PA,Terra Alta,Região Norte,269.6759259259
789,1,3,homem,19,1,20575.0,1469.6428571429,1714.5833333333,PB,Campo de Santana,Região Nordeste,180.4824561404
790,0,1,homem,46,0,792.0,56.5714285714,66.0,MG,São Geraldo,Região Sudeste,2.8695652174
791,0,3,homem,22,0,775.0,55.3571428571,64.5833333333,AL,Pariconha,Região Nordeste,5.8712121212
792,0,2,homem,16,0,26.0,1.8571428571,2.1666666667,RN,Campo Redondo,Região Nordeste,0.2708333333
793,0,3,mulher,22,8,6955.0,496.7857142857,579.5833333333,MG,Centralina,Região Sudeste,52.6893939394
794,0,1,homem,22,0,306958.0,21925.5714285714,25579.8333333333,PA,Primavera,Região Norte,2325.4393939394
795,0,3,homem,25,0,78958.0,5639.8571428572,6579.8333333333,PI,Guadalupe,Região Nordeste,526.3866666667
796,0,2,homem,39,0,13.0,0.9285714286,1.0833333333,RS,Cerro Grande do Sul,Região Sul,0.0555555556
797,1,1,mulher,49,0,259292.0,18520.8571428571,21607.6666666667,MG,Coroaci,Região Sudeste,881.9455782313
798,1,3,mulher,31,0,86833.0,6202.3571428572,7236.0833333333,SE,São Domingos,Região Nordeste,466.8440860215
799,0,3,homem,30,0,72292.0,5163.7142857143,6024.3333333333,BA,Muquém de São Francisco,Região Nordeste,401.6222222222
800,0,3,mulher,30,1,2415.0,172.5,201.25,PI,Parnaguá,Região Nordeste,13.4166666667
801,0,2,homem,34,0,13.0,0.9285714286,1.0833333333,CE,Potengi,Região Nordeste,0.0637254902
802,1,2,mulher,31,1,2625.0,187.5,218.75,MG,Açucena,Região Sudeste,14.1129032258
803,1,1,homem,11,1,120.0,8.5714285714,10.0,MG,São Romão,Região Sudeste,1.8181818182
804,1,3,homem,42,0,85167.0,6083.3571428572,7097.25,MG,Engenheiro Caldas,Região Sudeste,337.9642857143
805,1,3,homem,27,0,6975.0,498.2142857143,581.25,PR,Alvorada do Sul,Região Sul,43.0555555556
806,0,3,homem,31,0,7775.0,555.3571428571,647.9166666667,PR,Teixeira Soares,Região Sul,41.8010752688
807,0,1,homem,39,0,0.0,0.0,0.0,GO,Petrolina de Goiás,Região Centro-Oeste,0.0
808,0,3,mulher,18,0,7775.0,555.3571428571,647.9166666667,AL,Maravilha,Região Nordeste,71.9907407407
809,0,2,homem,39,0,13.0,0.9285714286,1.0833333333,SC,Rio Dos Cedros,Região Sul,0.0555555556
810,1,1,mulher,33,1,531.0,37.9285714286,44.25,RS,Roca Sales,Região Sul,2.6818181818
811,0,3,homem,26,0,78875.0,5633.9285714286,6572.9166666667,RN,Serra do Mel,Região Nordeste,505.608974359
812,0,3,homem,39,0,2415.0,172.5,201.25,RJ,Trajano de Morais,Região Sudeste,10.3205128205
813,0,2,homem,35,0,105.0,7.5,8.75,BA,Jucuruçu,Região Nordeste,0.5
814,0,3,mulher,21,4,31275.0,2233.9285714286,2606.25,MG,Urucânia,Região Sudeste,868.75
815,0,3,homem,30,0,805.0,57.5,67.0833333333,SC,São Carlos,Região Sul,4.4722222222
816,0,1,homem,20,0,0.0,0.0,0.0,MG,Buenópolis,Região Sudeste,0.0
817,0,3,mulher,23,0,7925.0,566.0714285714,660.4166666667,MA,Cedral,Região Nordeste,57.4275362319
818,0,2,homem,31,1,370042.0,26431.5714285714,30836.8333333333,MG,Recreio,Região Sudeste,1989.4731182796
819,0,3,homem,43,0,645.0,46.0714285714,53.75,GO,Santa Terezinha de Goiás,Região Centro-Oeste,2.5
820,0,3,homem,10,3,279.0,19.9285714286,23.25,BA,Milagres,Região Nordeste,4.65
821,1,1,mulher,52,1,935.0,66.7857142857,77.9166666667,ES,Presidente Kennedy,Região Sudeste,2.9967948718
822,1,3,homem,27,0,86625.0,6187.5,7218.75,MG,Iapu,Região Sudeste,534.7222222222
823,0,1,homem,38,0,0.0,0.0,0.0,MG,Pedras de Maria da Cruz,Região Sudeste,0.0
824,1,3,mulher,27,0,12475.0,891.0714285714,1039.5833333333,MT,Arenápolis,Região Centro-Oeste,77.0061728395
825,0,3,homem,20,4,396875.0,28348.2142857143,33072.9166666667,RJ,Santa Maria Madalena,Região Sudeste,3307.2916666667
826,0,3,homem,46,0,695.0,49.6428571429,57.9166666667,MG,Jordânia,Região Sudeste,2.518115942
827,0,3,homem,44,0,564958.0,40354.1428571429,47079.8333333333,PB,Pirpirituba,Região Nordeste,2139.9924242424
828,1,2,homem,19,0,370042.0,26431.5714285714,30836.8333333333,BA,Jandaíra,Região Nordeste,3245.9824561404
829,1,3,homem,22,0,775.0,55.3571428571,64.5833333333,PR,Santa Tereza do Oeste,Região Sul,5.8712121212
830,1,1,mulher,62,0,80.0,5.7142857143,6.6666666667,PI,Monsenhor Gil,Região Nordeste,0.2150537634
831,1,3,mulher,15,1,144542.0,10324.4285714286,12045.1666666667,SC,Benedito Novo,Região Sul,1606.0222222222
832,1,2,homem,83,1,1875.0,133.9285714286,156.25,TO,Paranã,Região Norte,3.765060241
833,0,3,homem,22,0,72292.0,5163.7142857143,6024.3333333333,MG,Novo Oriente de Minas,Região Sudeste,547.6666666667
834,0,3,homem,23,0,78542.0,5610.1428571429,6545.1666666667,BA,Pintadas,Região Nordeste,569.1449275362
835,0,3,homem,18,0,83.0,5.9285714286,6.9166666667,PI,Monte Alegre do Piauí,Região Nordeste,0.7685185185
836,1,1,mulher,39,1,831583.0,59398.7857142857,69298.5833333333,MG,Fervedouro,Região Sudeste,3553.7735042735
837,0,3,homem,21,0,86625.0,6187.5,7218.75,MG,Itamogi,Região Sudeste,687.5
838,0,3,homem,33,0,805.0,57.5,67.0833333333,MT,Alto Garças,Região Centro-Oeste,4.0656565657
839,1,3,homem,32,0,564958.0,40354.1428571429,47079.8333333333,RO,Ministro Andreazza,Região Norte,2942.4895833333
840,1,1,homem,33,0,297.0,21.2142857143,24.75,GO,Corumbá de Goiás,Região Centro-Oeste,1.5
841,0,3,homem,20,0,7925.0,566.0714285714,660.4166666667,BA,Santa Inês,Região Nordeste,66.0416666667
842,0,2,homem,16,0,105.0,7.5,8.75,MS,Dois Irmãos do Buriti,Região Centro-Oeste,1.09375
843,1,1,mulher,30,0,31.0,2.2142857143,2.5833333333,MG,Pirapetinga,Região Sudeste,0.1722222222
844,0,3,homem,24,0,64375.0,4598.2142857143,5364.5833333333,MS,Guia Lopes da Laguna,Região Centro-Oeste,447.0486111111
845,0,3,homem,19,0,86625.0,6187.5,7218.75,BA,Caém,Região Nordeste,759.8684210526
846,0,3,homem,42,0,755.0,53.9285714286,62.9166666667,BA,Lençóis,Região Nordeste,2.996031746
847,0,3,homem,33,8,6955.0,496.7857142857,579.5833333333,MG,Mercês,Região Sudeste,35.1262626263
848,0,3,homem,35,0,78958.0,5639.8571428572,6579.8333333333,BA,Sebastião Laranjeiras,Região Nordeste,375.9904761905
849,0,2,homem,28,0,33.0,2.3571428571,2.75,PR,Nova Prata do Iguaçu,Região Sul,0.1964285714
850,1,1,mulher,43,1,891042.0,63645.8571428571,74253.5,RN,Lajes,Região Nordeste,3453.6511627907
851,0,3,homem,21,4,31275.0,2233.9285714286,2606.25,TO,Peixe,Região Norte,1303125.0
852,0,3,homem,74,0,7775.0,555.3571428571,647.9166666667,MG,Planura,Região Sudeste,17.5112612613
853,0,3,mulher,21,1,152458.0,10889.8571428571,12704.8333333333,MG,Conceição Dos Ouros,Região Sudeste,2823.2962962963
854,1,1,mulher,16,0,394.0,28.1428571429,32.8333333333,BA,Arataca,Região Nordeste,4.1041666667
855,0,2,mulher,44,1,26.0,1.8571428571,2.1666666667,MT,Tapurah,Região Centro-Oeste,0.0984848485
856,1,3,mulher,18,0,935.0,66.7857142857,77.9166666667,SP,São Luís do Paraitinga,Região Sudeste,8.6574074074
857,1,1,mulher,45,1,16486.0,1177.5714285714,1373.8333333333,MG,São Gonçalo do Pará,Região Sudeste,61.0592592593
858,1,1,homem,51,0,2655.0,189.6428571429,221.25,CE,Jaguaribara,Região Nordeste,8.6764705882
859,1,3,mulher,24,0,192583.0,13755.9285714286,16048.5833333333,SC,Sangão,Região Sul,1337.3819444445
860,0,3,homem,32,0,72292.0,5163.7142857143,6024.3333333333,PI,Gilbués,Região Nordeste,376.5208333333
861,0,3,homem,41,2,141083.0,10077.3571428571,11756.9166666667,ES,São José do Calçado,Região Sudeste,573.5081300813
862,0,2,homem,21,1,115.0,8.2142857143,9.5833333333,BA,Guajeru,Região Nordeste,0.9126984127
863,1,1,mulher,48,0,259292.0,18520.8571428571,21607.6666666667,BA,São Miguel Das Matas,Região Nordeste,900.3194444444
864,0,3,mulher,22,8,6955.0,496.7857142857,579.5833333333,SP,Rincão,Região Sudeste,52.6893939394
865,0,2,homem,24,0,13.0,0.9285714286,1.0833333333,MG,Porto Firme,Região Sudeste,0.0902777778
866,1,2,mulher,42,0,13.0,0.9285714286,1.0833333333,TO,Babaçulândia,Região Norte,0.0515873016
867,1,2,mulher,27,1,138583.0,9898.7857142857,11548.5833333333,PR,Santa fé,Região Sul,855.450617284
868,0,1,homem,31,0,504958.0,36068.4285714286,42079.8333333333,RR,Pacaraima,Região Norte,2714.8279569893
869,0,3,homem,40,0,95.0,6.7857142857,7.9166666667,SC,Luiz Alves,Região Sul,0.3958333333
870,1,3,homem,40,1,111333.0,7952.3571428572,9277.75,RN,Maxaranguape,Região Nordeste,4638875.0
871,0,3,homem,26,0,78958.0,5639.8571428572,6579.8333333333,MA,Sucupira do Norte,Região Nordeste,506.141025641
872,1,1,mulher,47,1,525542.0,37538.7142857143,43795.1666666667,SC,Irineópolis,Região Sul,1863.6241134752
873,0,1,homem,33,0,5.0,0.3571428571,0.4166666667,RS,Tapera,Região Sul,0.0252525253
874,0,3,homem,47,0,9.0,0.6428571429,0.75,MT,Jauru,Região Centro-Oeste,0.0319148936
875,1,2,mulher,28,1,24.0,1.7142857143,2.0,MG,Bom Repouso,Região Sudeste,0.1428571429
876,1,3,mulher,15,0,7225.0,516.0714285714,602.0833333333,PA,Cumaru do Norte,Região Norte,80.2777777778
877,0,3,homem,20,0,98458.0,7032.7142857143,8204.8333333333,MG,Congonhal,Região Sudeste,820.4833333333
878,0,3,homem,19,0,78958.0,5639.8571428572,6579.8333333333,SP,São Bento do Sapucaí,Região Sudeste,692.6140350877
879,0,3,homem,39,0,78958.0,5639.8571428572,6579.8333333333,PI,Matias Olímpio,Região Nordeste,337.4273504274
880,1,1,mulher,56,0,83158.0,5939.8571428572,6929.8333333333,PR,Missal,Região Sul,247.494047619
881,1,2,mulher,25,0,26.0,1.8571428571,2.1666666667,RN,Espírito Santo,Região Nordeste,0.1733333333
882,0,3,homem,33,0,78958.0,5639.8571428572,6579.8333333333,TO,São Miguel do Tocantins,Região Norte,398.7777777778
883,0,3,mulher,22,0,105167.0,7511.9285714286,8763.9166666667,CE,Ararendá,Região Nordeste,796.7196969697
884,0,2,homem,28,0,105.0,7.5,8.75,BA,Itapebi,Região Nordeste,625.0
885,0,3,homem,25,0,705.0,50.3571428571,58.75,CE,Abaiara,Região Nordeste,4.7
886,0,3,mulher,39,0,29125.0,2080.3571428572,2427.0833333333,SC,Guaraciaba,Região Sul,124.4658119658
887,0,2,homem,27,0,13.0,0.9285714286,1.0833333333,BA,Marcionílio Souza,Região Nordeste,0.0802469136
888,1,1,mulher,19,0,30.0,2.1428571429,2.5,BA,Mirante,Região Nordeste,0.2631578947
889,0,3,mulher,35,1,2345.0,167.5,195.4166666667,RO,Governador Jorge Teixeira,Região Norte,11.1666666667
890,1,1,homem,26,0,30.0,2.1428571429,2.5,PI,Baixa Grande do Ribeiro,Região Nordeste,0.1923076923
891,0,3,homem,32,0,775.0,55.3571428571,64.5833333333,MA,Lagoa Grande do Maranhão,Região Nordeste,4.0364583333
